xi,yi
$276.59,$7.28
$485.34,$14.27
$151.63,$5.05
$203.30,$29.04
$271.41,$33.93
$160.28,$32.06
$147.72,$18.47
$338.18,$37.58
$390.00,$13.00
$169.65,$24.24
$275.99,$30.67
$504.72,$8.85
$162.38,$16.24
$63.61,$12.72
$368.08,$13.63
$98.93,$7.07
$82.65,$10.33
$142.13,$9.48
$136.50,$4.27
$49.93,$16.64
$72.11,$4.51
$126.89,$2.76
$12.44,$6.22
$86.64,$6.90
$39.34,$1.41
$44.59,$20.93
$9.90,$0.91
$34.57,$28.34
$57.41,$5.36
$15.01,$3.21
$19.89,$9.00
$27.79,$14.63
$19.78,$7.94
$900.00,$900.00
$249.96,$249.96
$190.83,$1.91
$79.61,$0.02
$600.00,$2.50
$111.15,$179.28
$38.24,$57.94
$23.22,$14.79
$19.05,$14.43
$89.79,$208.81
$29.44,$44.61
$94.82,$185.91
$48.44,$96.89
$17.88,$14.53
$17.02,$17.54
$53.19,$120.88
$66.92,$133.85
$16.82,$11.76
$17.40,$12.52
$67.26,$149.48
$279.30,$7.35
$461.19,$13.56
$152.73,$5.09
$221.80,$31.69
$274.05,$34.26
$165.58,$33.12
$153.30,$19.16
$355.82,$39.54
$420.00,$14.00
$181.01,$25.86
$293.60,$32.62
$518.72,$9.10
$171.29,$17.13
$73.81,$14.76
$415.77,$15.40
$77.61,$5.54
$69.04,$8.63
$134.44,$8.96
$123.62,$3.86
$30.04,$10.01
$71.93,$4.50
$121.62,$2.64
$9.29,$4.64
$90.01,$7.17
$41.54,$1.49
$44.95,$21.10
$9.90,$0.91
$34.74,$28.48
$58.48,$5.46
$15.56,$3.33
$20.56,$9.30
$28.13,$14.81
$19.91,$8.00
$900.00,$900.00
$245.43,$245.43
$191.63,$1.92
$79.61,$0.02
$600.00,$2.50
$111.28,$179.48
$38.65,$58.55
$23.60,$15.03
$19.20,$14.54
$92.83,$215.88
$29.85,$45.23
$94.74,$185.77
$49.01,$98.02
$18.07,$14.69
$17.26,$17.80
$53.07,$120.62
$68.25,$136.51
$16.93,$11.84
$17.65,$12.70
$67.51,$150.03
$296.24,$7.80
$424.65,$12.49
$154.73,$5.16
$257.71,$36.82
$276.07,$34.51
$171.00,$34.20
$161.45,$20.18
$367.19,$40.80
$420.00,$14.00
$187.36,$26.77
$296.10,$32.90
$514.48,$9.03
$176.20,$17.62
$79.19,$15.84
$437.97,$16.22
$77.10,$5.51
$55.16,$6.89
$139.87,$9.32
$103.74,$3.24
$25.68,$8.56
$69.21,$4.33
$121.99,$2.65
$7.68,$3.84
$95.65,$7.62
$42.82,$1.53
$44.95,$21.10
$10.05,$0.92
$34.74,$28.48
$59.19,$5.53
$16.09,$3.45
$20.89,$9.45
$28.29,$14.89
$20.08,$8.06
$900.00,$900.00
$240.05,$240.05
$192.37,$1.92
$79.61,$0.02
$600.00,$2.50
$111.52,$179.87
$38.87,$58.90
$23.60,$15.03
$19.20,$14.54
$93.60,$217.67
$30.02,$45.48
$94.87,$186.02
$49.22,$98.44
$18.07,$14.69
$17.36,$17.89
$52.98,$120.40
$69.11,$138.21
$16.77,$11.73
$17.66,$12.70
$68.00,$151.10
$315.37,$8.30
$417.74,$12.29
$155.08,$5.17
$276.83,$39.55
$282.00,$35.25
$171.35,$34.27
$172.79,$21.60
$365.49,$40.61
$420.00,$14.00
$190.16,$27.17
$292.67,$32.52
$506.12,$8.88
$182.39,$18.24
$81.06,$16.21
$438.86,$16.25
$111.96,$8.00
$58.43,$7.30
$138.51,$9.23
$96.44,$3.01
$33.04,$11.01
$65.02,$4.06
$126.26,$2.74
$5.82,$2.91
$99.00,$7.89
$42.95,$1.54
$45.47,$21.35
$10.06,$0.93
$34.43,$28.22
$59.80,$5.58
$16.44,$3.52
$21.11,$9.55
$28.78,$15.15
$19.96,$8.02
$900.00,$900.00
$246.56,$246.56
$193.17,$1.93
$82.50,$0.02
$600.00,$2.50
$111.94,$180.54
$39.17,$59.35
$23.88,$15.21
$19.43,$14.72
$95.52,$222.15
$30.63,$46.40
$94.74,$185.77
$49.63,$99.27
$18.16,$14.76
$17.62,$18.16
$53.29,$121.11
$68.47,$136.95
$16.99,$11.88
$17.73,$12.75
$68.35,$151.88
$325.73,$8.57
$474.05,$13.94
$157.12,$5.24
$280.42,$40.06
$294.00,$36.75
$173.45,$34.69
$172.87,$21.61
$351.25,$39.03
$420.00,$14.00
$188.42,$26.92
$302.19,$33.58
$519.76,$9.12
$185.05,$18.50
$81.47,$16.29
$456.05,$16.89
$171.56,$12.25
$71.64,$8.95
$147.10,$9.81
$115.97,$3.62
$43.00,$14.33
$64.34,$4.02
$178.24,$3.87
$5.67,$2.83
$99.92,$7.96
$43.54,$1.56
$46.86,$22.00
$10.06,$0.93
$34.59,$28.35
$60.40,$5.64
$16.82,$3.60
$21.38,$9.67
$29.27,$15.40
$20.13,$8.08
$900.00,$900.00
$260.69,$260.69
$193.94,$1.94
$82.50,$0.02
$600.00,$2.50
$111.88,$180.45
$40.08,$60.72
$23.71,$15.10
$19.53,$14.80
$97.19,$226.02
$30.83,$46.71
$95.71,$187.67
$49.78,$99.56
$18.26,$14.84
$17.77,$18.32
$53.89,$122.48
$68.90,$137.81
$17.05,$11.93
$17.73,$12.75
$69.05,$153.45
$377.20,$9.93
$538.85,$15.85
$159.50,$5.32
$282.48,$40.35
$311.45,$38.93
$178.96,$35.79
$172.60,$21.58
$360.25,$40.03
$420.00,$14.00
$191.26,$27.32
$250.51,$27.83
$560.61,$9.84
$192.01,$19.20
$83.53,$16.71
$476.89,$17.66
$148.54,$10.61
$93.58,$11.70
$184.69,$12.31
$175.45,$5.48
$44.26,$14.75
$67.53,$4.22
$193.24,$4.20
$6.20,$3.10
$106.51,$8.49
$44.86,$1.60
$47.68,$22.38
$10.99,$1.01
$36.72,$30.10
$63.20,$5.90
$17.79,$3.81
$22.27,$10.08
$29.91,$15.74
$20.69,$8.31
$900.00,$900.00
$291.56,$291.56
$195.52,$1.96
$82.50,$0.02
$600.00,$2.50
$114.09,$184.01
$40.41,$61.23
$24.35,$15.51
$20.02,$15.17
$98.00,$227.92
$30.97,$46.93
$98.54,$193.22
$51.06,$102.12
$18.91,$15.37
$18.16,$18.72
$55.12,$125.27
$70.11,$140.22
$17.57,$12.29
$18.11,$13.03
$71.73,$159.40
$341.38,$8.98
$526.70,$15.49
$159.01,$5.30
$284.33,$40.62
$309.08,$38.63
$175.99,$35.20
$172.85,$21.61
$358.40,$39.82
$420.00,$14.00
$190.35,$27.19
$281.99,$31.33
$560.73,$9.84
$189.12,$18.91
$81.59,$16.32
$478.00,$17.70
$177.60,$12.69
$86.32,$10.79
$167.67,$11.18
$163.52,$5.11
$43.64,$14.55
$67.01,$4.19
$211.06,$4.59
$5.64,$2.82
$102.09,$8.13
$43.85,$1.57
$47.26,$22.19
$10.29,$0.95
$34.95,$28.65
$62.53,$5.84
$17.52,$3.75
$22.03,$9.97
$29.77,$15.67
$20.21,$8.11
$900.00,$900.00
$274.81,$274.81
$194.74,$1.95
$82.50,$0.02
$600.00,$2.50
$113.57,$183.18
$40.14,$60.82
$23.93,$15.24
$19.76,$14.97
$99.19,$230.68
$30.88,$46.79
$96.91,$190.01
$50.24,$100.49
$18.64,$15.15
$17.71,$18.26
$54.48,$123.83
$69.45,$138.90
$17.28,$12.08
$17.91,$12.89
$71.25,$158.33
$386.09,$10.16
$512.12,$15.06
$159.69,$5.32
$274.10,$39.16
$315.06,$39.38
$178.01,$35.60
$174.76,$21.85
$354.72,$39.41
$420.00,$14.00
$193.73,$27.68
$248.07,$27.56
$596.67,$10.47
$194.51,$19.45
$83.50,$16.70
$505.88,$18.74
$135.23,$9.66
$94.66,$11.83
$179.84,$11.99
$135.97,$4.25
$52.61,$17.54
$68.28,$4.27
$173.13,$3.76
$7.42,$3.71
$108.46,$8.64
$46.16,$1.65
$48.40,$22.72
$11.14,$1.02
$37.06,$30.38
$64.42,$6.01
$17.83,$3.82
$22.57,$10.21
$30.07,$15.83
$21.01,$8.44
$900.00,$900.00
$286.99,$286.99
$196.33,$1.96
$82.50,$0.02
$600.00,$2.50
$113.23,$182.63
$44.08,$66.78
$24.65,$15.70
$19.84,$15.03
$98.47,$228.99
$31.48,$47.70
$98.63,$193.39
$53.79,$107.58
$19.35,$15.73
$18.33,$18.90
$55.39,$125.89
$71.35,$142.69
$17.80,$12.45
$18.69,$13.45
$72.39,$160.86
$403.43,$10.62
$457.65,$13.46
$160.12,$5.34
$269.37,$38.48
$315.65,$39.46
$182.26,$36.45
$175.43,$21.93
$354.72,$39.41
$460.67,$15.36
$199.94,$28.56
$260.04,$28.89
$575.83,$10.10
$196.34,$19.63
$83.52,$16.70
$501.22,$18.56
$109.92,$7.85
$94.04,$11.75
$156.55,$10.44
$144.93,$4.53
$56.33,$18.78
$67.30,$4.21
$157.50,$3.42
$8.60,$4.30
$112.81,$8.99
$47.11,$1.68
$49.54,$23.26
$11.14,$1.02
$37.06,$30.38
$65.86,$6.15
$17.79,$3.81
$22.89,$10.36
$30.19,$15.89
$21.38,$8.58
$900.00,$900.00
$268.95,$268.95
$197.14,$1.97
$82.50,$0.02
$600.00,$2.50
$113.98,$183.85
$44.19,$66.95
$24.65,$15.70
$19.94,$15.11
$98.91,$230.02
$31.48,$47.70
$99.25,$194.61
$53.27,$106.55
$19.50,$15.85
$18.80,$19.38
$56.10,$127.50
$71.40,$142.81
$17.98,$12.58
$18.84,$13.56
$72.82,$161.83
$417.97,$11.00
$438.61,$12.90
$160.88,$5.36
$264.39,$37.77
$315.80,$39.47
$183.00,$36.60
$175.78,$21.97
$365.53,$40.61
$480.90,$16.03
$208.76,$29.82
$283.21,$31.47
$574.90,$10.09
$198.83,$19.88
$82.72,$16.54
$506.34,$18.75
$121.90,$8.71
$97.52,$12.19
$160.46,$10.70
$198.11,$6.19
$68.21,$22.74
$66.86,$4.18
$128.86,$2.80
$9.63,$4.82
$116.60,$9.29
$49.35,$1.76
$49.83,$23.39
$11.14,$1.02
$37.40,$30.65
$67.30,$6.28
$18.38,$3.94
$23.40,$10.59
$30.44,$16.02
$21.37,$8.58
$900.00,$900.00
$245.55,$245.55
$197.93,$1.98
$82.50,$0.02
$600.00,$2.50
$113.62,$183.25
$44.37,$67.23
$24.65,$15.70
$19.94,$15.11
$100.64,$234.05
$32.26,$48.87
$100.26,$196.58
$53.85,$107.70
$19.50,$15.85
$18.80,$19.38
$55.18,$125.40
$71.82,$143.64
$18.33,$12.82
$18.84,$13.56
$73.63,$163.61
$413.48,$10.88
$429.15,$12.62
$161.16,$5.37
$245.08,$35.01
$314.71,$39.34
$183.00,$36.60
$175.90,$21.99
$363.28,$40.36
$480.90,$16.03
$219.16,$31.31
$305.28,$33.92
$564.79,$9.91
$198.86,$19.89
$83.63,$16.73
$523.90,$19.40
$190.40,$13.60
$140.89,$17.61
$194.95,$13.00
$166.59,$5.21
$95.69,$31.90
$67.86,$4.24
$138.75,$3.02
$15.21,$7.61
$117.01,$9.32
$49.35,$1.76
$50.50,$23.71
$11.14,$1.02
$37.54,$30.77
$68.16,$6.36
$18.73,$4.01
$23.90,$10.81
$30.75,$16.19
$21.74,$8.73
$900.00,$900.00
$193.20,$193.20
$198.75,$1.99
$82.50,$0.02
$600.00,$2.50
$116.68,$188.19
$45.02,$68.22
$25.28,$16.10
$20.51,$15.53
$101.63,$236.36
$32.53,$49.29
$102.70,$201.37
$55.41,$110.81
$19.91,$16.19
$19.03,$19.62
$56.83,$129.17
$72.88,$145.77
$18.47,$12.92
$19.10,$13.74
$74.97,$166.60
$400.33,$10.53
$416.83,$12.26
$161.45,$5.38
$233.13,$33.30
$316.19,$39.52
$185.43,$37.09
$171.90,$21.49
$366.97,$40.77
$480.90,$16.03
$222.93,$31.85
$315.20,$35.02
$551.58,$9.68
$199.42,$19.94
$82.64,$16.53
$493.79,$18.29
$236.66,$16.90
$138.28,$17.28
$210.45,$14.03
$165.24,$5.16
$82.62,$27.54
$70.38,$4.40
$134.09,$2.92
$14.30,$7.15
$117.05,$9.33
$50.62,$1.81
$50.48,$23.70
$11.14,$1.02
$37.30,$30.58
$68.93,$6.44
$19.09,$4.09
$24.09,$10.90
$30.78,$16.20
$21.61,$8.68
$900.00,$900.00
$162.17,$162.17
$199.55,$2.00
$82.50,$0.02
$600.00,$2.50
$117.97,$190.27
$45.41,$68.80
$25.28,$16.10
$20.51,$15.53
$103.20,$240.00
$32.90,$49.84
$103.91,$203.75
$57.46,$114.91
$20.01,$16.27
$19.19,$19.78
$57.05,$129.65
$73.81,$147.61
$18.47,$12.92
$19.24,$13.84
$77.55,$172.34
$398.50,$10.49
$399.66,$11.75
$163.14,$5.44
$226.23,$32.32
$315.59,$39.45
$189.88,$37.98
$174.21,$21.78
$369.73,$41.08
$480.90,$16.03
$225.74,$32.25
$334.26,$37.14
$554.29,$9.72
$201.32,$20.13
$83.80,$16.76
$472.15,$17.49
$138.32,$9.88
$119.53,$14.94
$220.36,$14.69
$197.12,$6.16
$60.15,$20.05
$73.50,$4.59
$123.86,$2.69
$10.32,$5.16
$117.91,$9.40
$51.20,$1.83
$50.23,$23.58
$11.14,$1.02
$37.87,$31.04
$69.68,$6.51
$19.39,$4.15
$24.34,$11.01
$30.96,$16.30
$21.69,$8.71
$900.00,$900.00
$155.73,$155.73
$200.38,$2.00
$82.50,$0.02
$600.00,$2.50
$118.11,$190.51
$45.71,$69.26
$25.28,$16.10
$20.95,$15.87
$104.26,$242.47
$32.89,$49.84
$103.43,$202.81
$58.11,$116.22
$20.44,$16.62
$19.43,$20.03
$56.89,$129.29
$74.49,$148.97
$18.80,$13.15
$19.45,$13.99
$78.14,$173.64
$396.74,$10.44
$378.84,$11.14
$163.91,$5.46
$220.62,$31.52
$316.34,$39.54
$193.94,$38.79
$173.80,$21.72
$365.60,$40.62
$480.90,$16.03
$224.55,$32.08
$324.96,$36.11
$570.19,$10.00
$202.02,$20.20
$85.07,$17.01
$484.77,$17.95
$104.62,$7.47
$101.31,$12.66
$200.89,$13.39
$181.53,$5.67
$42.11,$14.04
$76.24,$4.77
$127.01,$2.76
$8.35,$4.17
$118.34,$9.43
$51.41,$1.84
$50.45,$23.68
$10.89,$1.00
$38.29,$31.38
$70.54,$6.59
$19.90,$4.26
$24.38,$11.03
$31.58,$16.62
$21.99,$8.83
$900.00,$900.00
$169.98,$169.98
$201.21,$2.01
$82.50,$0.02
$600.00,$2.50
$119.87,$193.34
$46.05,$69.78
$25.73,$16.39
$20.96,$15.88
$106.35,$247.32
$33.22,$50.34
$105.26,$206.40
$59.22,$118.44
$20.74,$16.86
$19.43,$20.03
$57.58,$130.87
$74.91,$149.82
$18.73,$13.10
$19.80,$14.25
$79.32,$176.27
$394.69,$10.39
$355.44,$10.45
$164.47,$5.48
$217.00,$31.00
$315.42,$39.43
$194.15,$38.83
$178.31,$22.29
$376.19,$41.80
$480.90,$16.03
$221.27,$31.61
$315.41,$35.05
$598.42,$10.50
$201.82,$20.18
$90.24,$18.05
$457.06,$16.93
$88.15,$6.30
$85.89,$10.74
$179.30,$11.95
$167.32,$5.23
$40.27,$13.42
$82.76,$5.17
$142.59,$3.10
$5.34,$2.67
$118.42,$9.44
$51.67,$1.85
$50.61,$23.76
$10.84,$1.00
$38.14,$31.26
$71.06,$6.63
$20.33,$4.35
$24.66,$11.16
$31.79,$16.73
$21.96,$8.82
$900.00,$900.00
$162.53,$162.53
$201.21,$2.01
$82.50,$0.02
$600.00,$2.50
$119.76,$193.16
$46.51,$70.47
$25.58,$16.29
$20.96,$15.88
$106.36,$247.34
$33.22,$50.34
$105.26,$206.40
$59.22,$118.44
$20.74,$16.86
$19.43,$20.03
$57.58,$130.87
$75.15,$150.30
$18.80,$13.14
$19.98,$14.38
$80.46,$178.80
$394.42,$10.38
$339.63,$9.99
$165.68,$5.52
$210.54,$30.08
$315.09,$39.39
$194.36,$38.87
$176.67,$22.08
$369.17,$41.02
$480.90,$16.03
$202.96,$28.99
$318.12,$35.35
$583.12,$10.23
$201.19,$20.12
$79.13,$15.83
$450.25,$16.68
$80.15,$5.73
$77.28,$9.66
$138.46,$9.23
$104.96,$3.28
$39.83,$13.28
$91.90,$5.74
$167.48,$3.64
$4.78,$2.39
$117.98,$9.40
$52.47,$1.88
$50.65,$23.78
$11.09,$1.02
$38.29,$31.38
$72.44,$6.76
$21.00,$4.50
$24.82,$11.23
$32.30,$17.00
$22.16,$8.90
$900.00,$900.00
$161.99,$161.99
$202.80,$2.03
$82.50,$0.02
$600.00,$2.50
$120.09,$193.70
$46.71,$70.78
$25.85,$16.46
$21.72,$16.46
$106.37,$247.36
$34.28,$51.93
$107.35,$210.50
$59.71,$119.43
$21.40,$17.40
$19.68,$20.29
$58.14,$132.15
$74.10,$148.20
$18.93,$13.24
$19.86,$14.29
$80.50,$178.88
$385.97,$10.16
$337.90,$9.94
$166.08,$5.54
$204.69,$29.24
$313.99,$39.25
$190.97,$38.19
$176.79,$22.10
$370.55,$41.17
$480.90,$16.03
$195.86,$27.98
$307.05,$34.12
$589.21,$10.34
$200.19,$20.02
$77.85,$15.57
$456.31,$16.90
$77.87,$5.56
$95.75,$11.97
$135.14,$9.01
$173.22,$5.41
$39.59,$13.20
$97.84,$6.12
$195.18,$4.24
$4.67,$2.34
$117.58,$9.37
$52.96,$1.89
$50.48,$23.70
$10.84,$1.00
$38.29,$31.38
$72.46,$6.77
$21.59,$4.62
$24.93,$11.28
$32.32,$17.01
$22.24,$8.93
$900.00,$900.00
$163.70,$163.70
$203.62,$2.04
$82.50,$0.02
$600.00,$2.50
$120.31,$194.06
$46.72,$70.79
$26.04,$16.58
$21.23,$16.09
$107.04,$248.93
$34.37,$52.08
$106.21,$208.26
$61.39,$122.77
$21.46,$17.45
$19.68,$20.29
$58.42,$132.78
$74.49,$148.99
$19.99,$13.98
$19.99,$14.38
$80.67,$179.28
$369.93,$9.74
$332.77,$9.79
$165.41,$5.51
$200.51,$28.64
$313.09,$39.14
$186.87,$37.37
$171.31,$21.41
$377.16,$41.91
$480.90,$16.03
$217.29,$31.04
$230.06,$25.56
$569.23,$9.99
$199.87,$19.99
$90.20,$18.04
$452.28,$16.75
$85.98,$6.14
$105.44,$13.18
$139.22,$9.28
$188.48,$5.89
$36.07,$12.02
$96.58,$6.04
$178.05,$3.87
$6.91,$3.46
$119.20,$9.50
$53.46,$1.91
$50.47,$23.69
$10.84,$1.00
$38.38,$31.46
$72.54,$6.77
$21.55,$4.61
$25.00,$11.31
$32.34,$17.02
$22.24,$8.93
$900.00,$900.00
$173.99,$173.99
$204.46,$2.04
$82.50,$0.02
$600.00,$2.50
$120.42,$194.22
$46.96,$71.15
$26.57,$16.92
$21.05,$15.95
$106.94,$248.71
$34.95,$52.96
$106.74,$209.30
$63.18,$126.36
$21.55,$17.52
$19.73,$20.34
$58.63,$133.26
$74.64,$149.29
$20.38,$14.25
$20.24,$14.56
$80.63,$179.18
$357.17,$9.40
$314.91,$9.26
$166.15,$5.54
$193.09,$27.58
$314.87,$39.36
$187.50,$37.50
$172.40,$21.55
$360.20,$40.02
$480.90,$16.03
$210.48,$30.07
$203.94,$22.66
$565.26,$9.92
$99.17,$9.92
$90.64,$18.13
$428.67,$15.88
$78.66,$5.62
$112.30,$14.04
$158.56,$10.57
$193.60,$6.05
$41.81,$13.94
$91.77,$5.74
$189.55,$4.12
$7.49,$3.75
$119.37,$9.51
$54.27,$1.94
$50.82,$23.86
$10.92,$1.00
$38.38,$31.46
$72.44,$6.76
$21.50,$4.60
$24.99,$11.31
$32.69,$17.21
$22.08,$8.87
$900.00,$900.00
$187.03,$187.03
$205.29,$2.05
$82.50,$0.02
$600.00,$2.50
$121.14,$195.39
$47.06,$71.30
$26.69,$17.00
$21.34,$16.17
$106.96,$248.74
$34.95,$52.95
$105.35,$206.56
$63.56,$127.12
$21.54,$17.51
$19.65,$20.26
$58.68,$133.37
$74.93,$149.87
$20.74,$14.50
$20.24,$14.56
$81.04,$180.10
$355.44,$9.35
$296.03,$8.71
$166.36,$5.55
$185.07,$26.44
$313.38,$39.17
$185.00,$37.00
$169.85,$21.23
$353.79,$39.31
$480.90,$16.03
$196.71,$28.10
$215.88,$23.99
$597.29,$10.48
$199.98,$20.00
$91.69,$18.34
$458.69,$16.99
$106.81,$7.63
$110.10,$13.76
$163.50,$10.90
$128.63,$4.02
$45.83,$15.28
$93.83,$5.86
$163.22,$3.55
$7.63,$3.81
$119.31,$9.51
$54.27,$1.94
$50.83,$23.86
$10.92,$1.00
$38.73,$31.74
$72.18,$6.74
$21.73,$4.65
$25.05,$11.33
$32.68,$17.20
$22.17,$8.91
$900.00,$900.00
$183.29,$183.29
$206.14,$2.06
$82.50,$0.02
$600.00,$2.50
$121.77,$196.41
$48.18,$73.00
$26.67,$16.99
$21.67,$16.42
$106.97,$248.76
$35.26,$53.42
$106.05,$207.94
$63.55,$127.10
$21.54,$17.51
$19.68,$20.29
$59.05,$134.20
$76.74,$153.49
$20.86,$14.59
$20.40,$14.67
$82.74,$183.87
$354.07,$9.32
$281.16,$8.27
$167.08,$5.57
$177.97,$25.42
$308.00,$38.50
$184.35,$36.87
$165.67,$20.71
$355.38,$39.49
$480.90,$16.03
$195.08,$27.87
$250.56,$27.84
$573.34,$10.06
$200.32,$20.03
$92.56,$18.51
$448.01,$16.59
$160.00,$11.43
$105.47,$13.18
$151.13,$10.08
$123.98,$3.87
$50.04,$16.68
$88.19,$5.51
$136.40,$2.97
$6.62,$3.31
$118.45,$9.44
$54.27,$1.94
$50.82,$23.86
$10.92,$1.00
$38.73,$31.74
$72.41,$6.76
$21.91,$4.69
$25.05,$11.33
$32.86,$17.29
$22.36,$8.98
$900.00,$900.00
$198.51,$198.51
$206.99,$2.07
$82.50,$0.02
$600.00,$2.50
$122.61,$197.75
$47.28,$71.64
$27.08,$17.25
$21.67,$16.42
$108.23,$251.70
$35.25,$53.40
$106.67,$209.16
$64.63,$129.26
$21.76,$17.69
$19.78,$20.39
$59.69,$135.67
$76.95,$153.91
$21.42,$14.98
$20.40,$14.68
$83.10,$184.66
$351.56,$9.25
$324.87,$9.56
$166.81,$5.56
$178.75,$25.54
$305.41,$38.18
$186.15,$37.23
$165.78,$20.72
$353.26,$39.25
$480.90,$16.03
$193.99,$27.71
$255.40,$28.38
$573.81,$10.07
$200.67,$20.07
$92.95,$18.59
$450.45,$16.68
$171.72,$12.27
$112.01,$14.00
$141.98,$9.47
$138.97,$4.34
$53.02,$17.67
$74.65,$4.67
$137.79,$3.00
$6.19,$3.09
$118.29,$9.43
$54.27,$1.94
$50.85,$23.87
$10.92,$1.00
$39.08,$32.03
$72.56,$6.77
$22.17,$4.75
$24.94,$11.28
$32.99,$17.36
$22.37,$8.98
$900.00,$900.00
$202.99,$202.99
$207.83,$2.08
$82.56,$0.02
$600.00,$2.50
$122.54,$197.65
$47.41,$71.83
$26.92,$17.15
$21.67,$16.42
$107.64,$250.33
$35.25,$53.40
$106.74,$209.29
$64.79,$129.57
$21.84,$17.76
$19.69,$20.30
$60.97,$138.56
$77.29,$154.57
$21.41,$14.97
$20.40,$14.68
$84.16,$187.01
$351.33,$9.25
$321.95,$9.47
$167.46,$5.58
$180.77,$25.82
$304.51,$38.06
$185.01,$37.00
$164.61,$20.58
$356.74,$39.64
$480.90,$16.03
$196.83,$28.12
$274.61,$30.51
$567.64,$9.96
$200.31,$20.03
$93.27,$18.65
$436.41,$16.16
$114.28,$8.16
$105.73,$13.22
$158.25,$10.55
$119.57,$3.74
$38.12,$12.71
$76.52,$4.78
$128.53,$2.79
$6.48,$3.24
$118.54,$9.45
$54.27,$1.94
$51.20,$24.04
$10.92,$1.00
$39.08,$32.03
$72.55,$6.77
$22.01,$4.71
$24.97,$11.30
$33.15,$17.45
$22.45,$9.02
$900.00,$900.00
$214.93,$214.93
$208.69,$2.09
$82.50,$0.02
$600.00,$2.50
$123.23,$198.76
$47.85,$72.50
$27.06,$17.23
$21.51,$16.29
$107.65,$250.36
$35.51,$53.80
$108.21,$212.17
$65.26,$130.51
$22.00,$17.89
$19.69,$20.30
$61.12,$138.91
$78.07,$156.14
$21.41,$14.97
$20.41,$14.68
$84.58,$187.95
$350.49,$9.22
$320.43,$9.42
$168.59,$5.62
$181.55,$25.94
$304.28,$38.04
$187.84,$37.57
$169.46,$21.18
$355.91,$39.55
$480.90,$16.03
$206.74,$29.53
$283.43,$31.49
$555.63,$9.75
$200.77,$20.08
$91.25,$18.25
$449.96,$16.67
$86.47,$6.18
$99.87,$12.48
$156.34,$10.42
$116.27,$3.63
$33.29,$11.10
$75.84,$4.74
$134.46,$2.92
$6.90,$3.45
$117.82,$9.39
$54.27,$1.94
$51.03,$23.96
$10.68,$0.98
$39.08,$32.03
$72.83,$6.80
$22.21,$4.76
$25.17,$11.39
$33.23,$17.49
$22.43,$9.01
$900.00,$900.00
$225.29,$225.29
$209.53,$2.10
$82.50,$0.02
$600.00,$2.50
$123.92,$199.88
$47.75,$72.35
$27.20,$17.32
$21.50,$16.29
$107.35,$249.66
$35.58,$53.91
$107.71,$211.19
$66.33,$132.65
$22.12,$17.98
$19.69,$20.30
$61.77,$140.39
$78.14,$156.28
$21.41,$14.97
$20.70,$14.89
$85.10,$189.12
$356.86,$9.39
$315.01,$9.26
$170.53,$5.68
$179.55,$25.65
$303.84,$37.98
$191.40,$38.28
$166.64,$20.83
$365.58,$40.62
$480.90,$16.03
$218.03,$31.15
$307.89,$34.21
$512.43,$8.99
$178.10,$17.81
$93.12,$18.62
$440.64,$16.32
$118.30,$8.45
$101.28,$12.66
$154.50,$10.30
$132.16,$4.13
$39.90,$13.30
$69.28,$4.33
$134.32,$2.92
$7.38,$3.69
$119.73,$9.54
$54.26,$1.94
$50.46,$23.69
$10.68,$0.98
$39.47,$32.35
$83.84,$7.83
$21.88,$4.68
$25.39,$11.49
$33.40,$17.58
$22.43,$9.01
$900.00,$900.00
$242.85,$242.85
$210.40,$2.10
$82.50,$0.02
$600.00,$2.50
$125.30,$202.09
$48.19,$73.01
$27.82,$17.72
$21.13,$16.01
$107.60,$250.23
$35.63,$53.99
$107.31,$210.42
$69.72,$139.44
$22.28,$18.11
$19.97,$20.59
$61.88,$140.63
$78.22,$156.44
$22.82,$15.96
$20.88,$15.02
$87.46,$194.36
$364.34,$9.59
$347.95,$10.23
$168.21,$5.61
$203.07,$29.01
$304.40,$38.05
$191.20,$38.24
$174.32,$21.79
$368.73,$40.97
$480.90,$16.03
$221.44,$31.63
$328.14,$36.46
$530.67,$9.31
$177.30,$17.73
$91.40,$18.28
$443.07,$16.41
$148.40,$10.60
$91.28,$11.41
$159.75,$10.65
$165.44,$5.17
$69.12,$23.04
$66.08,$4.13
$119.14,$2.59
$10.64,$5.32
$120.98,$9.64
$54.26,$1.94
$50.82,$23.86
$10.68,$0.98
$39.47,$32.35
$85.14,$7.95
$22.42,$4.80
$25.42,$11.50
$33.59,$17.68
$22.43,$9.01
$900.00,$900.00
$252.16,$252.16
$212.06,$2.12
$82.50,$0.02
$600.00,$2.50
$126.54,$204.09
$48.45,$73.41
$27.82,$17.72
$21.40,$16.21
$107.47,$249.93
$35.61,$53.95
$107.83,$211.43
$70.87,$141.74
$22.30,$18.13
$20.46,$21.09
$61.54,$139.87
$79.51,$159.02
$22.94,$16.04
$21.27,$15.30
$88.14,$195.87
$370.93,$9.76
$317.68,$9.34
$172.96,$5.77
$208.04,$29.72
$303.52,$37.94
$188.10,$37.62
$173.92,$21.74
$373.05,$41.45
$480.90,$16.03
$223.69,$31.96
$338.49,$37.61
$549.48,$9.64
$180.30,$18.03
$92.00,$18.40
$459.81,$17.03
$165.62,$11.83
$93.20,$11.65
$167.85,$11.19
$146.56,$4.58
$76.08,$25.36
$66.08,$4.13
$120.06,$2.61
$11.32,$5.66
$121.25,$9.66
$53.98,$1.93
$51.52,$24.19
$10.68,$0.98
$39.47,$32.35
$86.22,$8.05
$22.50,$4.82
$25.88,$11.71
$33.63,$17.70
$22.81,$9.16
$900.00,$900.00
$249.21,$249.21
$212.06,$2.12
$82.50,$0.02
$600.00,$2.50
$126.51,$204.05
$48.49,$73.47
$28.42,$18.10
$21.54,$16.32
$108.19,$251.61
$35.53,$53.83
$109.01,$213.75
$70.63,$141.25
$22.53,$18.32
$20.43,$21.06
$61.85,$140.57
$80.77,$161.54
$22.97,$16.06
$21.27,$15.30
$88.50,$196.66
$372.52,$9.80
$316.76,$9.32
$175.99,$5.87
$206.22,$29.46
$302.64,$37.83
$188.75,$37.75
$171.44,$21.43
$373.68,$41.52
$480.90,$16.03
$214.66,$30.67
$358.02,$39.78
$558.03,$9.79
$183.70,$18.37
$91.60,$18.32
$440.10,$16.30
$159.32,$11.38
$112.24,$14.03
$149.25,$9.95
$139.84,$4.37
$70.02,$23.34
$68.64,$4.29
$149.04,$3.24
$10.88,$5.44
$120.80,$9.63
$53.98,$1.93
$51.74,$24.29
$10.68,$0.98
$39.61,$32.47
$89.65,$8.37
$22.36,$4.79
$25.88,$11.71
$33.76,$17.77
$22.91,$9.20
$900.00,$900.00
$240.50,$240.50
$212.94,$2.13
$82.50,$0.02
$600.00,$2.50
$126.77,$204.47
$48.50,$73.49
$27.94,$17.79
$20.73,$15.71
$108.44,$252.19
$35.53,$53.83
$109.18,$214.08
$72.52,$145.04
$21.99,$17.87
$20.69,$21.33
$61.92,$140.72
$80.62,$161.24
$22.94,$16.04
$21.12,$15.19
$89.30,$198.45
$349.60,$9.20
$297.16,$8.74
$177.00,$5.90
$199.22,$28.46
$306.96,$38.37
$188.95,$37.79
$174.24,$21.78
$372.15,$41.35
$480.90,$16.03
$203.44,$29.06
$306.18,$34.02
$575.13,$10.09
$182.40,$18.24
$92.70,$18.54
$440.91,$16.33
$132.58,$9.47
$109.84,$13.73
$146.85,$9.79
$173.12,$5.41
$73.71,$24.57
$66.72,$4.17
$238.28,$5.18
$9.92,$4.96
$121.48,$9.68
$53.98,$1.93
$51.70,$24.27
$10.68,$0.98
$39.61,$32.47
$88.57,$8.27
$23.03,$4.93
$25.90,$11.72
$33.76,$17.77
$22.96,$9.22
$900.00,$900.00
$239.39,$239.39
$213.80,$2.14
$82.50,$0.02
$600.00,$2.50
$127.14,$205.07
$47.01,$71.23
$28.08,$17.89
$21.36,$16.18
$108.45,$252.22
$35.80,$54.24
$109.48,$214.67
$73.69,$147.37
$22.83,$18.56
$20.78,$21.42
$62.38,$141.78
$80.56,$161.11
$21.93,$15.34
$21.38,$15.38
$89.32,$198.48
$348.84,$9.18
$311.10,$9.15
$178.20,$5.94
$191.66,$27.38
$311.44,$38.93
$189.50,$37.90
$172.00,$21.50
$383.04,$42.56
$480.90,$16.03
$206.63,$29.52
$228.78,$25.42
$551.76,$9.68
$183.40,$18.34
$92.70,$18.54
$440.37,$16.31
$189.98,$13.57
$123.60,$15.45
$184.35,$12.29
$241.28,$7.54
$93.27,$31.09
$72.48,$4.53
$226.78,$4.93
$9.22,$4.61
$119.88,$9.55
$53.98,$1.93
$51.95,$24.39
$10.79,$0.99
$39.61,$32.47
$89.06,$8.32
$22.93,$4.91
$25.88,$11.71
$33.90,$17.84
$22.91,$9.20
$900.00,$900.00
$235.42,$235.42
$214.69,$2.15
$82.50,$0.02
$600.00,$2.50
$127.09,$204.99
$47.01,$71.23
$28.08,$17.89
$21.36,$16.18
$108.91,$253.28
$35.84,$54.31
$109.62,$214.95
$73.82,$147.64
$22.83,$18.56
$20.78,$21.42
$62.47,$141.98
$80.17,$160.33
$21.99,$15.38
$21.38,$15.38
$89.34,$198.53
$348.46,$9.17
$350.20,$10.30
$180.60,$6.02
$187.25,$26.75
$310.48,$38.81
$189.10,$37.82
$171.76,$21.47
$381.15,$42.35
$480.90,$16.03
$209.02,$29.86
$227.25,$25.25
$547.20,$9.60
$184.00,$18.40
$93.70,$18.74
$430.11,$15.93
$246.96,$17.64
$168.48,$21.06
$248.70,$16.58
$262.08,$8.19
$120.78,$40.26
$73.92,$4.62
$207.92,$4.52
$9.82,$4.91
$120.48,$9.60
$53.98,$1.93
$51.65,$24.25
$10.76,$0.99
$39.61,$32.47
$89.43,$8.35
$22.88,$4.90
$25.92,$11.73
$34.54,$18.18
$23.18,$9.31
$901.00,$901.00
$228.95,$228.95
$215.55,$2.16
$82.50,$0.02
$600.00,$2.50
$127.61,$205.83
$47.35,$71.74
$28.32,$18.04
$21.45,$16.25
$109.28,$254.13
$36.06,$54.64
$110.00,$215.68
$74.05,$148.09
$22.91,$18.63
$20.78,$21.42
$62.97,$143.12
$79.65,$159.29
$22.05,$15.42
$21.13,$15.20
$88.61,$196.91
$350.36,$9.22
$399.84,$11.76
$181.50,$6.05
$188.44,$26.92
$309.84,$38.73
$190.80,$38.16
$173.84,$21.73
$375.30,$41.70
$480.90,$16.03
$204.03,$29.15
$238.50,$26.50
$533.52,$9.36
$184.00,$18.40
$92.70,$18.54
$435.78,$16.14
$140.42,$10.03
$124.96,$15.62
$168.15,$11.21
$150.08,$4.69
$82.41,$27.47
$73.28,$4.58
$184.46,$4.01
$13.42,$6.71
$120.48,$9.60
$53.98,$1.93
$51.61,$24.23
$10.55,$0.97
$39.61,$32.47
$90.24,$8.43
$23.18,$4.96
$26.01,$11.77
$34.75,$18.29
$23.43,$9.41
$900.00,$900.00
$229.44,$229.44
$216.44,$2.16
$82.50,$0.02
$600.00,$2.50
$127.86,$206.23
$47.99,$72.71
$28.48,$18.14
$21.45,$16.25
$109.28,$254.13
$36.17,$54.81
$109.58,$214.87
$74.33,$148.65
$23.14,$18.81
$21.09,$21.74
$63.26,$143.78
$79.68,$159.36
$23.05,$16.12
$21.39,$15.39
$89.14,$198.09
$351.88,$9.26
$494.36,$14.54
$183.30,$6.11
$195.37,$27.91
$309.92,$38.74
$190.95,$38.19
$170.48,$21.31
$376.47,$41.83
$480.90,$16.03
$204.19,$29.17
$277.83,$30.87
$532.38,$9.34
$183.20,$18.32
$92.50,$18.50
$436.32,$16.16
$113.12,$8.08
$127.20,$15.90
$158.25,$10.55
$139.84,$4.37
$73.98,$24.66
$73.12,$4.57
$146.28,$3.18
$15.46,$7.73
$121.86,$9.71
$53.98,$1.93
$51.74,$24.29
$10.54,$0.97
$40.25,$32.99
$90.50,$8.45
$23.02,$4.93
$25.97,$11.75
$34.88,$18.36
$23.58,$9.47
$900.00,$900.00
$233.97,$233.97
$217.34,$2.17
$82.50,$0.02
$600.00,$2.50
$129.80,$209.36
$48.58,$73.61
$28.65,$18.25
$21.45,$16.25
$110.17,$256.21
$36.22,$54.88
$110.46,$216.58
$74.73,$149.46
$23.22,$18.88
$21.09,$21.74
$63.72,$144.82
$80.07,$160.13
$21.96,$15.36
$21.04,$15.14
$89.38,$198.63
$349.60,$9.20
$757.18,$22.27
$183.90,$6.13
$205.87,$29.41
$310.32,$38.79
$194.85,$38.97
$166.56,$20.82
$371.70,$41.30
$480.90,$16.03
$213.01,$30.43
$291.06,$32.34
$558.03,$9.79
$185.10,$18.51
$92.30,$18.46
$436.32,$16.16
$204.26,$14.59
$163.36,$20.42
$188.85,$12.59
$177.92,$5.56
$81.09,$27.03
$70.24,$4.39
$150.42,$3.27
$24.06,$12.03
$120.98,$9.64
$54.26,$1.94
$52.21,$24.51
$10.54,$0.97
$40.67,$33.34
$91.46,$8.54
$22.93,$4.91
$26.21,$11.86
$35.06,$18.45
$23.63,$9.49
$900.00,$900.00
$245.96,$245.96
$218.21,$2.18
$82.50,$0.02
$600.00,$2.50
$130.21,$210.02
$49.07,$74.35
$28.89,$18.40
$21.45,$16.25
$113.26,$263.40
$36.71,$55.62
$109.43,$214.57
$74.28,$148.56
$23.22,$18.88
$21.18,$21.84
$63.72,$144.82
$80.94,$161.87
$21.96,$15.36
$21.24,$15.28
$89.52,$198.94
$350.36,$9.22
$821.44,$24.16
$186.90,$6.23
$236.88,$33.84
$310.48,$38.81
$196.45,$39.29
$169.28,$21.16
$375.66,$41.74
$480.90,$16.03
$227.99,$32.57
$298.62,$33.18
$543.78,$9.54
$184.70,$18.47
$91.10,$18.22
$437.40,$16.20
$263.76,$18.84
$160.80,$20.10
$248.25,$16.55
$165.76,$5.18
$67.89,$22.63
$70.88,$4.43
$155.48,$3.38
$23.00,$11.50
$124.87,$9.95
$54.54,$1.95
$52.29,$24.55
$10.54,$0.97
$40.52,$33.21
$93.82,$8.76
$23.30,$4.99
$26.43,$11.96
$35.21,$18.53
$23.78,$9.55
$900.00,$900.00
$255.64,$255.64
$219.12,$2.19
$82.50,$0.02
$600.00,$2.50
$132.71,$214.05
$49.60,$75.15
$29.33,$18.68
$21.20,$16.06
$115.15,$267.80
$38.40,$58.18
$110.46,$216.58
$75.69,$151.38
$23.30,$18.94
$21.08,$21.73
$63.85,$145.12
$82.61,$165.22
$22.12,$15.47
$21.50,$15.47
$89.86,$199.69
$348.84,$9.18
$582.42,$17.13
$192.30,$6.41
$244.37,$34.91
$311.12,$38.89
$212.10,$42.42
$171.04,$21.38
$379.08,$42.12
$480.90,$16.03
$236.74,$33.82
$310.95,$34.55
$552.90,$9.70
$187.40,$18.74
$94.30,$18.86
$458.73,$16.99
$225.96,$16.14
$165.52,$20.69
$257.85,$17.19
$159.36,$4.98
$61.74,$20.58
$74.88,$4.68
$150.42,$3.27
$17.48,$8.74
$128.26,$10.22
$54.82,$1.96
$52.31,$24.56
$10.65,$0.98
$40.52,$33.21
$97.89,$9.14
$23.49,$5.03
$26.54,$12.01
$35.49,$18.68
$23.75,$9.54
$900.00,$900.00
$261.98,$261.98
$220.00,$2.20
$82.50,$0.02
$600.00,$2.50
$135.82,$219.07
$49.94,$75.67
$29.91,$19.05
$21.27,$16.11
$116.02,$269.82
$39.06,$59.18
$111.95,$219.50
$79.09,$158.18
$23.43,$19.05
$21.31,$21.97
$64.92,$147.54
$82.64,$165.28
$22.21,$15.53
$21.74,$15.64
$91.37,$203.04
$350.36,$9.22
$584.46,$17.19
$194.40,$6.48
$262.43,$37.49
$312.72,$39.09
$225.05,$45.01
$177.60,$22.20
$388.89,$43.21
$480.90,$16.03
$236.60,$33.80
$350.37,$38.93
$551.19,$9.67
$187.60,$18.76
$94.30,$18.86
$463.59,$17.17
$128.52,$9.18
$117.68,$14.71
$205.50,$13.70
$166.72,$5.21
$58.26,$19.42
$79.20,$4.95
$159.16,$3.46
$14.50,$7.25
$133.66,$10.65
$54.82,$1.96
$52.61,$24.70
$10.65,$0.98
$40.52,$33.21
$98.85,$9.23
$23.63,$5.06
$26.76,$12.11
$35.82,$18.85
$23.90,$9.60
$900.00,$900.00
$270.00,$270.00
$220.92,$2.21
$82.50,$0.02
$600.00,$2.50
$137.07,$221.08
$50.27,$76.16
$30.62,$19.50
$21.38,$16.20
$116.23,$270.31
$39.84,$60.37
$112.82,$221.21
$82.82,$165.63
$23.84,$19.38
$21.43,$22.09
$64.61,$146.84
$83.17,$166.34
$22.21,$15.53
$21.96,$15.80
$91.39,$203.08
$349.98,$9.21
$544.34,$16.01
$196.80,$6.56
$276.22,$39.46
$314.88,$39.36
$229.20,$45.84
$182.80,$22.85
$403.38,$44.82
$498.60,$16.62
$234.99,$33.57
$349.20,$38.80
$528.39,$9.27
$186.70,$18.67
$96.00,$19.20
$475.74,$17.62
$80.92,$5.78
$116.56,$14.57
$224.70,$14.98
$162.56,$5.08
$47.73,$15.91
$78.24,$4.89
$198.72,$4.32
$10.06,$5.03
$138.43,$11.03
$54.82,$1.96
$52.85,$24.81
$10.65,$0.98
$40.58,$33.26
$100.89,$9.42
$23.77,$5.09
$26.98,$12.21
$35.89,$18.89
$24.08,$9.67
$900.00,$900.00
$275.29,$275.29
$221.84,$2.22
$82.50,$0.02
$600.00,$2.50
$138.34,$223.13
$49.37,$74.81
$30.77,$19.60
$21.38,$16.20
$117.09,$272.31
$40.06,$60.70
$113.17,$221.91
$82.80,$165.60
$24.61,$20.01
$21.83,$22.50
$65.33,$148.48
$83.73,$167.46
$22.21,$15.53
$22.23,$15.99
$92.48,$205.50
$351.50,$9.25
$523.60,$15.40
$201.60,$6.72
$277.76,$39.68
$317.12,$39.64
$233.90,$46.78
$188.56,$23.57
$407.79,$45.31
$498.60,$16.62
$236.95,$33.85
$349.29,$38.81
$548.91,$9.63
$187.20,$18.72
$97.70,$19.54
$483.84,$17.92
$64.54,$4.61
$101.68,$12.71
$184.50,$12.30
$170.24,$5.32
$43.38,$14.46
$82.56,$5.16
$250.24,$5.44
$7.28,$3.64
$137.92,$10.99
$56.78,$2.03
$53.06,$24.91
$10.65,$0.98
$40.58,$33.26
$101.64,$9.49
$24.10,$5.16
$27.05,$12.24
$36.08,$18.99
$24.08,$9.67
$900.00,$900.00
$279.80,$279.80
$222.66,$2.23
$82.50,$0.02
$600.00,$2.50
$141.46,$228.16
$49.57,$75.11
$31.65,$20.16
$22.10,$16.74
$117.16,$272.46
$40.12,$60.79
$114.42,$224.36
$84.29,$168.58
$24.75,$20.12
$22.10,$22.78
$65.69,$149.30
$83.78,$167.55
$22.29,$15.59
$22.16,$15.94
$93.14,$206.97
$351.50,$9.25
$517.14,$15.21
$206.70,$6.89
$281.33,$40.19
$322.08,$40.26
$234.95,$46.99
$190.24,$23.78
$406.26,$45.14
$498.60,$16.62
$234.36,$33.48
$363.87,$40.43
$584.25,$10.25
$188.50,$18.85
$99.90,$19.98
$510.03,$18.89
$72.80,$5.20
$97.36,$12.17
$145.05,$9.67
$162.88,$5.09
$42.96,$14.32
$84.96,$5.31
$294.86,$6.41
$7.02,$3.51
$138.55,$11.04
$56.50,$2.02
$53.97,$25.34
$10.65,$0.98
$41.25,$33.81
$102.71,$9.59
$24.24,$5.19
$27.36,$12.38
$36.08,$18.99
$23.85,$9.58
$900.00,$900.00
$287.72,$287.72
$223.59,$2.24
$82.50,$0.02
$600.00,$2.50
$142.12,$229.23
$50.08,$75.88
$32.39,$20.63
$22.23,$16.84
$117.52,$273.31
$41.65,$63.11
$115.19,$225.87
$85.18,$170.35
$25.18,$20.47
$22.38,$23.07
$66.26,$150.60
$86.55,$173.09
$22.39,$15.66
$22.25,$16.01
$96.30,$214.01
$350.74,$9.23
$564.74,$16.61
$210.60,$7.02
$278.11,$39.73
$328.80,$41.10
$234.60,$46.92
$198.56,$24.82
$421.29,$46.81
$498.60,$16.62
$237.72,$33.96
$371.70,$41.30
$632.13,$11.09
$188.00,$18.80
$102.40,$20.48
$490.59,$18.17
$77.84,$5.56
$88.40,$11.05
$137.10,$9.14
$161.92,$5.06
$42.69,$14.23
$82.40,$5.15
$277.38,$6.03
$6.06,$3.03
$140.56,$11.20
$55.66,$1.99
$56.00,$26.29
$10.65,$0.98
$41.50,$34.02
$103.78,$9.69
$24.66,$5.28
$27.89,$12.62
$37.13,$19.54
$23.85,$9.58
$900.00,$900.00
$297.64,$297.64
$224.49,$2.24
$82.50,$0.02
$600.00,$2.50
$146.65,$236.54
$50.75,$76.89
$34.67,$22.08
$22.74,$17.23
$120.11,$279.33
$42.76,$64.79
$117.66,$230.71
$88.94,$177.87
$26.30,$21.38
$23.43,$24.15
$67.54,$153.50
$89.78,$179.55
$22.98,$16.07
$23.35,$16.80
$98.11,$218.03
$350.36,$9.22
$601.12,$17.68
$213.90,$7.13
$271.46,$38.78
$331.68,$41.46
$236.40,$47.28
$194.48,$24.31
$419.58,$46.62
$498.60,$16.62
$247.94,$35.42
$304.47,$33.83
$670.32,$11.76
$188.70,$18.87
$102.90,$20.58
$506.25,$18.75
$149.10,$10.65
$138.08,$17.26
$162.90,$10.86
$232.00,$7.25
$54.99,$18.33
$82.88,$5.18
$272.78,$5.93
$5.64,$2.82
$140.69,$11.21
$55.66,$1.99
$55.49,$26.05
$10.65,$0.98
$41.93,$34.37
$104.53,$9.76
$24.42,$5.23
$28.02,$12.68
$37.45,$19.71
$23.95,$9.62
$900.00,$900.00
$302.37,$302.37
$225.42,$2.25
$82.50,$0.02
$600.00,$2.50
$148.32,$239.23
$51.22,$77.60
$36.27,$23.10
$23.07,$17.48
$121.68,$282.98
$43.08,$65.28
$120.88,$237.02
$90.06,$180.12
$26.94,$21.90
$24.45,$25.21
$68.57,$155.84
$90.47,$180.94
$23.01,$16.09
$23.60,$16.98
$100.66,$223.69
$349.60,$9.20
$600.10,$17.65
$219.30,$7.31
$262.43,$37.49
$342.96,$42.87
$238.00,$47.60
$194.32,$24.29
$415.26,$46.14
$498.60,$16.62
$243.46,$34.78
$273.51,$30.39
$691.41,$12.13
$190.60,$19.06
$102.90,$20.58
$471.96,$17.48
$181.72,$12.98
$143.20,$17.90
$193.80,$12.92
$209.28,$6.54
$76.08,$25.36
$80.32,$5.02
$210.22,$4.57
$8.48,$4.24
$142.32,$11.34
$55.94,$2.00
$55.47,$26.04
$10.65,$0.98
$42.18,$34.57
$105.28,$9.83
$24.47,$5.24
$27.91,$12.63
$37.72,$19.85
$23.80,$9.56
$900.00,$900.00
$300.43,$300.43
$226.78,$2.27
$82.50,$0.02
$600.00,$2.50
$150.62,$242.93
$52.10,$78.94
$37.77,$24.06
$23.89,$18.10
$123.37,$286.90
$43.53,$65.96
$122.05,$239.32
$91.71,$183.42
$27.49,$22.35
$25.11,$25.89
$68.90,$156.58
$93.62,$187.23
$23.32,$16.31
$23.37,$16.81
$102.33,$227.40
$349.98,$9.21
$502.86,$14.79
$221.10,$7.37
$257.67,$36.81
$350.72,$43.84
$236.65,$47.33
$194.80,$24.35
$409.59,$45.51
$546.30,$18.21
$235.27,$33.61
$303.39,$33.71
$718.77,$12.61
$193.20,$19.32
$103.20,$20.64
$504.36,$18.68
$233.24,$16.66
$118.24,$14.78
$204.60,$13.64
$155.20,$4.85
$105.57,$35.19
$79.68,$4.98
$165.14,$3.59
$7.08,$3.54
$143.70,$11.45
$55.94,$2.00
$55.61,$26.11
$10.98,$1.01
$42.80,$35.08
$105.81,$9.88
$24.70,$5.29
$28.13,$12.73
$37.81,$19.90
$23.80,$9.56
$900.00,$900.00
$302.80,$302.80
$227.72,$2.28
$82.50,$0.02
$600.00,$2.50
$151.83,$244.88
$52.60,$79.70
$38.92,$24.79
$24.41,$18.49
$123.37,$286.90
$44.23,$67.02
$123.37,$241.91
$92.36,$184.72
$27.87,$22.66
$25.30,$26.08
$69.76,$158.54
$93.80,$187.59
$23.24,$16.25
$23.31,$16.77
$102.95,$228.78
$350.36,$9.22
$406.98,$11.97
$224.70,$7.49
$250.11,$35.73
$354.32,$44.29
$238.80,$47.76
$198.48,$24.81
$416.70,$46.30
$546.30,$18.21
$235.83,$33.69
$330.57,$36.73
$680.58,$11.94
$195.30,$19.53
$103.00,$20.60
$509.76,$18.88
$236.60,$16.90
$143.12,$17.89
$173.10,$11.54
$154.56,$4.83
$100.92,$33.64
$82.24,$5.14
$137.08,$2.98
$6.86,$3.43
$144.70,$11.53
$56.50,$2.02
$55.89,$26.24
$10.87,$1.00
$42.80,$35.08
$105.71,$9.87
$24.80,$5.31
$28.22,$12.77
$37.81,$19.90
$23.90,$9.60
$900.00,$900.00
$307.49,$307.49
$228.66,$2.29
$82.50,$0.02
$600.00,$2.50
$152.92,$246.65
$52.60,$79.69
$39.33,$25.05
$24.71,$18.72
$123.77,$287.83
$45.57,$69.04
$124.76,$244.62
$95.09,$190.17
$28.12,$22.86
$25.02,$25.79
$70.85,$161.02
$94.49,$188.98
$23.52,$16.45
$23.53,$16.93
$103.63,$230.28
$352.26,$9.27
$412.76,$12.14
$228.30,$7.61
$251.44,$35.92
$356.24,$44.53
$240.10,$48.02
$206.08,$25.76
$430.65,$47.85
$546.30,$18.21
$238.56,$34.08
$353.70,$39.30
$652.65,$11.45
$197.80,$19.78
$104.30,$20.86
$503.55,$18.65
$196.28,$14.02
$184.08,$23.01
$193.05,$12.87
$179.84,$5.62
$98.49,$32.83
$79.04,$4.94
$132.48,$2.88
$9.54,$4.77
$145.96,$11.63
$57.34,$2.05
$56.36,$26.46
$10.87,$1.00
$43.21,$35.42
$107.21,$10.01
$25.36,$5.43
$28.44,$12.87
$37.81,$19.90
$23.90,$9.60
$900.00,$900.00
$307.93,$307.93
$229.58,$2.30
$82.50,$0.02
$600.00,$2.50
$156.07,$251.73
$53.16,$80.55
$40.51,$25.80
$26.07,$19.75
$125.28,$291.34
$46.55,$70.53
$127.64,$250.28
$96.83,$193.66
$28.68,$23.32
$25.56,$26.35
$73.17,$166.30
$95.95,$191.89
$24.15,$16.89
$23.70,$17.05
$104.02,$231.15
$353.02,$9.29
$422.28,$12.42
$230.10,$7.67
$254.10,$36.30
$359.76,$44.97
$242.95,$48.59
$212.40,$26.55
$432.63,$48.07
$546.30,$18.21
$254.94,$36.42
$374.58,$41.62
$654.36,$11.48
$200.20,$20.02
$104.90,$20.98
$494.37,$18.31
$243.18,$17.37
$190.08,$23.76
$202.35,$13.49
$153.60,$4.80
$127.77,$42.59
$81.60,$5.10
$149.96,$3.26
$16.74,$8.37
$146.58,$11.68
$57.34,$2.05
$56.55,$26.55
$10.87,$1.00
$43.42,$35.59
$107.10,$10.00
$25.59,$5.48
$28.40,$12.85
$37.89,$19.94
$23.88,$9.59
$900.00,$900.00
$302.84,$302.84
$230.52,$2.31
$82.50,$0.02
$600.00,$2.50
$157.29,$253.69
$53.61,$81.23
$40.51,$25.80
$26.12,$19.79
$126.19,$293.47
$47.20,$71.52
$129.20,$253.34
$98.33,$196.65
$28.94,$23.53
$25.56,$26.35
$74.14,$168.49
$96.23,$192.46
$24.11,$16.86
$23.91,$17.20
$105.20,$233.78
$353.02,$9.29
$410.04,$12.06
$232.20,$7.74
$255.01,$36.43
$375.12,$46.89
$251.10,$50.22
$215.60,$26.95
$436.32,$48.48
$599.10,$19.97
$271.67,$38.81
$381.06,$42.34
$678.87,$11.91
$200.90,$20.09
$105.20,$21.04
$513.27,$19.01
$211.68,$15.12
$171.44,$21.43
$210.45,$14.03
$161.60,$5.05
$97.74,$32.58
$89.44,$5.59
$156.86,$3.41
$17.52,$8.76
$147.59,$11.76
$57.62,$2.06
$56.83,$26.68
$10.87,$1.00
$43.42,$35.59
$107.31,$10.02
$25.64,$5.49
$28.46,$12.88
$37.81,$19.90
$24.38,$9.79
$900.00,$900.00
$302.97,$302.97
$231.47,$2.31
$82.50,$0.02
$600.00,$2.50
$162.38,$261.91
$55.90,$84.69
$40.63,$25.88
$26.25,$19.89
$128.42,$298.64
$48.83,$73.98
$131.71,$258.25
$100.32,$200.64
$30.27,$24.61
$26.68,$27.51
$75.04,$170.55
$101.20,$202.39
$24.27,$16.97
$23.96,$17.24
$107.41,$238.69
$367.84,$9.68
$381.48,$11.22
$234.90,$7.83
$252.49,$36.07
$387.04,$48.38
$260.40,$52.08
$218.96,$27.37
$450.54,$50.06
$599.10,$19.97
$274.26,$39.18
$420.12,$46.68
$666.90,$11.70
$203.40,$20.34
$104.60,$20.92
$484.65,$17.95
$163.52,$11.68
$139.84,$17.48
$200.70,$13.38
$211.84,$6.62
$82.41,$27.47
$86.24,$5.39
$151.34,$3.29
$18.28,$9.14
$149.60,$11.92
$58.18,$2.08
$56.68,$26.61
$10.98,$1.01
$43.90,$35.98
$107.31,$10.02
$25.73,$5.51
$28.51,$12.90
$37.79,$19.89
$24.43,$9.81
$900.00,$900.00
$305.75,$305.75
$232.43,$2.32
$82.50,$0.02
$600.00,$2.50
$163.65,$263.95
$57.02,$86.40
$41.84,$26.65
$26.69,$20.22
$129.77,$301.80
$49.74,$75.36
$132.35,$259.50
$101.09,$202.17
$30.71,$24.97
$27.50,$28.35
$76.34,$173.51
$101.95,$203.90
$24.82,$17.36
$24.48,$17.61
$108.27,$240.61
$377.34,$9.93
$353.26,$10.39
$237.30,$7.91
$251.44,$35.92
$393.28,$49.16
$255.70,$51.14
$219.44,$27.43
$465.75,$51.75
$599.10,$19.97
$274.75,$39.25
$429.66,$47.74
$640.68,$11.24
$204.80,$20.48
$106.40,$21.28
$470.88,$17.44
$203.14,$14.51
$121.60,$15.20
$189.75,$12.65
$204.16,$6.38
$71.97,$23.99
$92.00,$5.75
$130.64,$2.84
$18.34,$9.17
$148.97,$11.87
$58.18,$2.08
$57.72,$27.10
$10.87,$1.00
$43.90,$35.98
$107.85,$10.07
$25.87,$5.54
$28.53,$12.91
$37.98,$19.99
$24.53,$9.85
$900.00,$900.00
$294.11,$294.11
$233.36,$2.33
$82.50,$0.02
$600.00,$2.50
$164.67,$265.60
$58.25,$88.25
$41.43,$26.39
$26.24,$19.88
$130.69,$303.94
$50.16,$76.00
$133.04,$260.86
$101.52,$203.04
$30.23,$24.58
$27.25,$28.09
$77.01,$175.03
$102.75,$205.49
$25.04,$17.51
$24.56,$17.67
$110.09,$244.64
$388.74,$10.23
$343.06,$10.09
$240.00,$8.00
$253.26,$36.18
$408.24,$51.03
$259.05,$51.81
$222.00,$27.75
$497.34,$55.26
$599.10,$19.97
$278.04,$39.72
$428.76,$47.64
$631.56,$11.08
$205.30,$20.53
$107.40,$21.48
$468.72,$17.36
$181.02,$12.93
$126.96,$15.87
$195.00,$13.00
$188.48,$5.89
$62.73,$20.91
$95.20,$5.95
$134.32,$2.92
$12.98,$6.49
$150.35,$11.98
$58.18,$2.08
$59.34,$27.86
$10.98,$1.01
$43.90,$35.98
$108.81,$10.16
$26.11,$5.59
$28.75,$13.01
$38.02,$20.01
$24.50,$9.84
$900.00,$900.00
$288.67,$288.67
$234.29,$2.34
$82.50,$0.02
$600.00,$2.50
$167.39,$269.99
$58.52,$88.67
$41.95,$26.72
$26.36,$19.97
$130.99,$304.63
$50.81,$76.99
$133.44,$261.65
$101.54,$203.07
$30.82,$25.06
$27.51,$28.36
$77.40,$175.90
$103.34,$206.68
$25.18,$17.61
$24.76,$17.81
$110.10,$244.67
$389.50,$10.25
$430.44,$12.66
$241.80,$8.06
$257.04,$36.72
$414.24,$51.78
$262.05,$52.41
$223.04,$27.88
$514.89,$57.21
$599.10,$19.97
$280.49,$40.07
$426.60,$47.40
$642.96,$11.28
$205.20,$20.52
$105.70,$21.14
$499.77,$18.51
$239.96,$17.14
$129.36,$16.17
$187.05,$12.47
$198.08,$6.19
$67.83,$22.61
$96.32,$6.02
$141.22,$3.07
$11.22,$5.61
$151.48,$12.07
$58.18,$2.08
$58.66,$27.54
$10.98,$1.01
$44.02,$36.08
$109.56,$10.23
$26.34,$5.64
$29.06,$13.15
$38.15,$20.08
$24.45,$9.82
$900.00,$900.00
$292.25,$292.25
$235.25,$2.35
$82.50,$0.02
$600.00,$2.50
$169.48,$273.36
$58.94,$89.30
$42.09,$26.81
$26.36,$19.97
$131.15,$305.00
$50.95,$77.20
$133.59,$261.94
$101.97,$203.93
$30.82,$25.06
$27.51,$28.36
$77.57,$176.30
$103.37,$206.74
$25.25,$17.66
$24.92,$17.93
$120.36,$267.46
$391.78,$10.31
$418.20,$12.30
$245.40,$8.18
$262.71,$37.53
$418.96,$52.37
$262.90,$52.58
$224.48,$28.06
$496.35,$55.15
$599.10,$19.97
$274.54,$39.22
$374.04,$41.56
$673.74,$11.82
$207.20,$20.72
$104.60,$20.92
$487.35,$18.05
$188.86,$13.49
$138.96,$17.37
$193.35,$12.89
$183.36,$5.73
$61.86,$20.62
$90.40,$5.65
$188.14,$4.09
$8.46,$4.23
$153.11,$12.20
$58.18,$2.08
$58.98,$27.69
$10.98,$1.01
$44.02,$36.08
$109.46,$10.22
$26.39,$5.65
$29.42,$13.31
$38.27,$20.14
$24.55,$9.86
$900.00,$900.00
$281.60,$281.60
$236.21,$2.36
$82.50,$0.02
$600.00,$2.50
$170.90,$275.64
$59.02,$89.42
$42.41,$27.01
$26.77,$20.28
$131.16,$305.03
$51.50,$78.03
$134.09,$262.92
$102.97,$205.93
$30.84,$25.07
$27.70,$28.56
$77.57,$176.30
$103.45,$206.90
$25.47,$17.81
$25.33,$18.22
$120.38,$267.51
$391.78,$10.31
$387.26,$11.39
$246.00,$8.20
$263.06,$37.58
$420.64,$52.58
$261.65,$52.33
$223.76,$27.97
$472.68,$52.52
$599.10,$19.97
$261.24,$37.32
$290.97,$32.33
$658.92,$11.56
$206.40,$20.64
$102.10,$20.42
$475.74,$17.62
$194.46,$13.89
$162.64,$20.33
$204.00,$13.60
$230.72,$7.21
$65.88,$21.96
$92.48,$5.78
$291.64,$6.34
$9.02,$4.51
$154.87,$12.34
$57.90,$2.07
$59.13,$27.76
$10.98,$1.01
$44.37,$36.37
$110.85,$10.35
$26.29,$5.63
$29.30,$13.26
$38.46,$20.24
$24.70,$9.92
$900.00,$900.00
$242.50,$242.50
$237.17,$2.37
$82.50,$0.02
$600.00,$2.50
$172.29,$277.88
$59.53,$90.19
$42.92,$27.34
$26.95,$20.42
$132.23,$307.51
$51.90,$78.64
$133.60,$261.97
$104.73,$209.45
$31.37,$25.50
$27.97,$28.83
$77.88,$177.00
$104.06,$208.11
$25.67,$17.95
$25.55,$18.38
$112.13,$249.17
$391.78,$10.31
$351.22,$10.33
$246.90,$8.23
$259.14,$37.02
$427.20,$53.40
$263.05,$52.61
$226.08,$28.26
$473.49,$52.61
$599.10,$19.97
$244.79,$34.97
$306.09,$34.01
$692.55,$12.15
$205.80,$20.58
$99.30,$19.86
$488.43,$18.09
$171.50,$12.25
$279.76,$34.97
$247.80,$16.52
$181.44,$5.67
$72.24,$24.08
$95.52,$5.97
$245.64,$5.34
$9.56,$4.78
$157.25,$12.53
$58.46,$2.09
$59.45,$27.91
$10.98,$1.01
$44.77,$36.70
$111.92,$10.45
$26.15,$5.60
$29.44,$13.32
$38.76,$20.40
$24.73,$9.93
$900.00,$900.00
$228.24,$228.24
$238.13,$2.38
$82.50,$0.02
$600.00,$2.50
$177.15,$285.14
$60.14,$91.12
$44.70,$28.56
$27.41,$20.77
$134.44,$311.05
$52.69,$79.83
$136.07,$266.81
$104.29,$208.57
$31.37,$25.50
$28.22,$29.09
$78.81,$179.12
$106.34,$211.85
$25.50,$17.80
$25.97,$18.71
$112.84,$252.37
$394.06,$10.37
$363.46,$10.69
$248.10,$8.27
$256.20,$36.60
$429.28,$53.66
$263.05,$52.61
$228.24,$28.53
$478.35,$53.15
$599.10,$19.97
$245.07,$35.01
$332.64,$36.96
$669.75,$11.75
$210.80,$21.08
$99.20,$19.84
$490.59,$18.17
$125.72,$8.98
$208.56,$26.07
$241.05,$16.07
$170.24,$5.32
$63.72,$21.24
$94.08,$5.88
$202.86,$4.41
$8.16,$4.08
$157.00,$12.51
$58.46,$2.09
$59.41,$27.89
$10.87,$1.00
$45.81,$37.55
$111.92,$10.45
$27.04,$5.79
$29.75,$13.46
$38.74,$20.39
$24.63,$9.89
$900.00,$900.00
$238.47,$238.47
$239.12,$2.39
$82.50,$0.02
$600.00,$2.50
$180.21,$290.05
$61.13,$92.62
$44.71,$28.57
$27.55,$20.87
$135.86,$314.34
$53.12,$80.48
$137.73,$270.06
$104.65,$209.29
$31.93,$25.96
$28.35,$29.23
$80.84,$183.72
$107.79,$214.74
$25.92,$18.09
$26.25,$18.91
$111.88,$250.22
$393.68,$10.36
$366.18,$10.77
$249.60,$8.32
$254.80,$36.40
$429.28,$53.66
$262.30,$52.46
$231.12,$28.89
$472.50,$52.50
$599.10,$19.97
$243.04,$34.72
$357.66,$39.74
$762.09,$13.37
$209.50,$20.95
$99.20,$19.84
$591.57,$21.91
$111.30,$7.95
$229.92,$28.74
$214.20,$14.28
$174.08,$5.44
$52.95,$17.65
$94.08,$5.88
$167.90,$3.65
$7.62,$3.81
$159.51,$12.71
$58.46,$2.09
$59.41,$27.89
$10.87,$1.00
$45.81,$37.55
$112.88,$10.54
$27.13,$5.81
$29.86,$13.51
$38.74,$20.39
$24.63,$9.89
$900.00,$900.00
$246.61,$246.61
$240.09,$2.40
$82.50,$0.02
$600.00,$2.50
$181.86,$292.71
$61.95,$93.86
$45.20,$28.88
$27.64,$20.94
$135.19,$312.78
$53.88,$81.64
$138.60,$271.76
$106.16,$212.32
$31.93,$25.96
$28.72,$29.61
$81.95,$186.25
$108.90,$216.95
$26.59,$18.56
$26.39,$19.01
$112.54,$251.70
$395.96,$10.42
$363.80,$10.70
$249.60,$8.32
$252.21,$36.03
$426.72,$53.34
$260.00,$52.00
$234.72,$29.34
$468.81,$52.09
$599.10,$19.97
$240.31,$34.33
$384.75,$42.75
$794.01,$13.93
$208.90,$20.89
$99.20,$19.84
$599.94,$22.22
$121.94,$8.71
$244.48,$30.56
$218.40,$14.56
$185.60,$5.80
$58.35,$19.45
$93.60,$5.85
$150.42,$3.27
$7.20,$3.60
$158.76,$12.65
$58.46,$2.09
$59.55,$27.96
$10.87,$1.00
$45.81,$37.55
$113.42,$10.59
$26.90,$5.76
$30.01,$13.58
$38.51,$20.27
$24.70,$9.92
$900.00,$900.00
$249.00,$249.00
$241.07,$2.41
$82.50,$0.02
$600.00,$2.50
$182.61,$293.92
$62.19,$94.23
$45.54,$29.10
$27.84,$21.09
$135.55,$313.61
$54.37,$82.38
$139.88,$274.27
$106.89,$213.77
$31.93,$25.96
$28.94,$29.83
$82.12,$186.63
$109.96,$219.05
$26.66,$18.61
$26.35,$18.98
$112.65,$251.93
$396.34,$10.43
$362.44,$10.66
$252.30,$8.41
$247.31,$35.33
$428.80,$53.60
$262.40,$52.48
$236.24,$29.53
$489.96,$54.44
$599.10,$19.97
$250.81,$35.83
$423.54,$47.06
$746.70,$13.10
$208.90,$20.89
$97.30,$19.46
$554.04,$20.52
$182.28,$13.02
$214.40,$26.80
$228.15,$15.21
$163.20,$5.10
$125.55,$41.85
$97.44,$6.09
$160.54,$3.49
$8.04,$4.02
$159.13,$12.68
$58.46,$2.09
$59.60,$27.98
$10.87,$1.00
$45.81,$37.55
$112.46,$10.50
$26.99,$5.78
$30.14,$13.64
$39.12,$20.59
$24.63,$9.89
$900.00,$900.00
$255.46,$255.46
$242.06,$2.42
$82.50,$0.02
$600.00,$2.50
$184.00,$296.15
$63.62,$96.40
$46.92,$29.98
$28.67,$21.72
$139.46,$322.66
$54.44,$82.48
$141.51,$277.48
$107.98,$215.96
$32.16,$26.15
$28.94,$29.83
$82.32,$187.09
$110.27,$219.67
$27.46,$19.17
$26.35,$18.98
$113.48,$253.80
$397.86,$10.47
$359.72,$10.58
$252.90,$8.43
$245.35,$35.05
$437.84,$54.73
$266.60,$53.32
$239.68,$29.96
$485.82,$53.98
$642.99,$21.43
$284.76,$40.68
$448.56,$49.84
$807.69,$14.17
$208.90,$20.89
$99.10,$19.82
$581.31,$21.53
$222.60,$15.90
$169.04,$21.13
$245.10,$16.34
$193.60,$6.05
$131.91,$43.97
$99.36,$6.21
$161.92,$3.52
$8.20,$4.10
$160.01,$12.75
$58.46,$2.09
$59.62,$27.99
$10.87,$1.00
$45.81,$37.55
$112.03,$10.46
$26.71,$5.72
$30.52,$13.81
$38.99,$20.52
$24.63,$9.89
$900.00,$900.00
$252.39,$252.39
$243.04,$2.43
$82.50,$0.02
$600.00,$2.50
$187.72,$302.14
$63.99,$96.95
$47.11,$30.10
$29.14,$22.08
$141.19,$326.67
$55.00,$83.34
$144.56,$283.45
$109.27,$218.54
$33.04,$26.86
$29.33,$30.24
$85.54,$194.41
$114.00,$227.11
$27.91,$19.48
$26.68,$19.22
$113.97,$254.88
$397.10,$10.45
$347.48,$10.22
$254.70,$8.49
$242.97,$34.71
$438.80,$54.85
$268.75,$53.75
$239.84,$29.98
$498.69,$55.41
$646.50,$21.55
$300.58,$42.94
$476.46,$52.94
$790.02,$13.86
$207.90,$20.79
$99.60,$19.92
$516.51,$19.13
$211.68,$15.12
$148.48,$18.56
$256.05,$17.07
$240.00,$7.50
$138.42,$46.14
$99.20,$6.20
$167.44,$3.64
$8.40,$4.20
$159.39,$12.70
$59.30,$2.12
$60.00,$28.17
$10.76,$0.99
$45.93,$37.65
$112.78,$10.53
$26.62,$5.70
$30.65,$13.87
$39.33,$20.70
$24.63,$9.89
$900.00,$900.00
$254.31,$254.31
$244.05,$2.44
$82.50,$0.02
$600.00,$2.50
$191.15,$307.67
$64.77,$98.13
$47.22,$30.17
$30.09,$22.80
$141.19,$326.67
$55.13,$83.53
$145.89,$286.06
$110.00,$219.99
$33.75,$27.44
$29.85,$30.77
$86.27,$196.06
$114.46,$228.02
$27.81,$19.41
$26.68,$19.22
$114.20,$255.41
$404.32,$10.64
$330.48,$9.72
$257.10,$8.57
$241.78,$34.54
$440.80,$55.10
$267.85,$53.57
$239.92,$29.99
$516.42,$57.38
$646.50,$21.55
$293.09,$41.87
$467.37,$51.93
$811.68,$14.24
$213.00,$21.30
$100.20,$20.04
$517.86,$19.18
$215.32,$15.38
$140.32,$17.54
$229.20,$15.28
$193.60,$6.05
$124.41,$41.47
$114.08,$7.13
$172.04,$3.74
$9.58,$4.79
$160.26,$12.77
$59.30,$2.12
$60.34,$28.33
$10.76,$0.99
$45.62,$37.39
$115.35,$10.77
$26.85,$5.75
$30.79,$13.93
$39.43,$20.75
$24.75,$9.94
$900.00,$900.00
$257.11,$257.11
$245.02,$2.45
$82.50,$0.02
$600.00,$2.50
$195.17,$314.14
$65.70,$99.55
$47.61,$30.42
$30.54,$23.14
$141.86,$328.21
$55.16,$83.57
$147.38,$288.98
$110.55,$221.09
$34.29,$27.88
$30.40,$31.34
$86.78,$197.22
$114.76,$228.62
$27.78,$19.39
$26.89,$19.37
$116.36,$260.23
$404.32,$10.64
$318.58,$9.37
$258.30,$8.61
$243.18,$34.74
$446.32,$55.79
$266.40,$53.28
$238.24,$29.78
$515.61,$57.29
$646.50,$21.55
$286.72,$40.96
$461.52,$51.28
$777.48,$13.64
$213.00,$21.30
$101.30,$20.26
$510.30,$18.90
$205.66,$14.69
$142.48,$17.81
$206.70,$13.78
$203.52,$6.36
$113.55,$37.85
$117.60,$7.35
$199.64,$4.34
$10.24,$5.12
$160.14,$12.76
$60.69,$2.17
$59.83,$28.09
$10.76,$0.99
$45.62,$37.39
$116.20,$10.85
$26.85,$5.75
$30.85,$13.96
$39.46,$20.77
$24.75,$9.94
$900.00,$900.00
$255.74,$255.74
$245.98,$2.46
$82.50,$0.02
$600.00,$2.50
$196.57,$316.39
$65.71,$99.56
$47.87,$30.59
$30.82,$23.35
$141.86,$328.21
$56.15,$85.08
$148.22,$290.62
$110.34,$220.68
$35.33,$28.72
$31.20,$32.16
$87.21,$198.21
$114.91,$228.92
$28.57,$19.94
$27.02,$19.46
$116.37,$260.25
$407.74,$10.73
$313.14,$9.21
$261.00,$8.70
$238.42,$34.06
$448.00,$56.00
$266.45,$53.29
$237.36,$29.67
$528.66,$58.74
$646.50,$21.55
$279.58,$39.94
$464.40,$51.60
$723.33,$12.69
$212.30,$21.23
$101.90,$20.38
$533.79,$19.77
$197.12,$14.08
$200.80,$25.10
$209.25,$13.95
$196.48,$6.14
$107.16,$35.72
$121.76,$7.61
$253.00,$5.50
$11.28,$5.64
$160.51,$12.79
$60.69,$2.17
$60.17,$28.25
$10.76,$0.99
$45.62,$37.39
$115.13,$10.75
$26.85,$5.75
$31.43,$14.22
$39.52,$20.80
$24.63,$9.89
$900.00,$900.00
$252.64,$252.64
$246.99,$2.47
$82.50,$0.02
$600.00,$2.50
$196.51,$316.30
$67.27,$101.93
$48.66,$31.09
$31.00,$23.49
$141.93,$328.37
$56.11,$85.01
$151.53,$297.12
$111.35,$222.70
$35.25,$28.66
$31.34,$32.31
$87.63,$199.17
$114.92,$228.94
$29.03,$20.26
$27.65,$19.92
$116.38,$260.27
$408.50,$10.75
$297.16,$8.74
$262.20,$8.74
$236.95,$33.85
$455.20,$56.90
$265.25,$53.05
$239.68,$29.96
$549.00,$61.00
$646.50,$21.55
$286.09,$40.87
$485.73,$53.97
$695.40,$12.20
$208.60,$20.86
$102.80,$20.56
$518.13,$19.19
$212.10,$15.15
$210.16,$26.27
$208.20,$13.88
$239.36,$7.48
$105.27,$35.09
$118.56,$7.41
$323.84,$7.04
$17.40,$8.70
$161.64,$12.88
$61.25,$2.19
$60.47,$28.39
$10.76,$0.99
$45.62,$37.39
$115.03,$10.74
$26.57,$5.69
$31.78,$14.38
$39.52,$20.80
$24.63,$9.89
$900.00,$900.00
$254.78,$254.78
$248.00,$2.48
$82.50,$0.02
$600.00,$2.50
$197.24,$317.47
$68.32,$103.51
$48.66,$31.09
$31.00,$23.49
$142.30,$329.24
$56.12,$85.03
$151.78,$297.60
$111.39,$222.77
$35.21,$28.63
$31.34,$32.31
$87.25,$198.30
$115.41,$229.91
$29.34,$20.48
$27.72,$19.97
$115.08,$257.37
$408.12,$10.74
$311.44,$9.16
$262.20,$8.74
$235.97,$33.71
$461.92,$57.74
$262.35,$52.47
$241.28,$30.16
$541.89,$60.21
$667.20,$22.24
$301.21,$43.03
$414.99,$46.11
$734.16,$12.88
$208.80,$20.88
$104.40,$20.88
$509.49,$18.87
$206.22,$14.73
$266.00,$33.25
$243.00,$16.20
$387.52,$12.11
$94.77,$31.59
$118.08,$7.38
$375.82,$8.17
$20.74,$10.37
$161.90,$12.90
$61.81,$2.21
$60.77,$28.53
$10.76,$0.99
$45.62,$37.39
$114.70,$10.71
$26.90,$5.76
$31.85,$14.41
$40.07,$21.09
$24.55,$9.86
$900.00,$900.00
$251.52,$251.52
$249.00,$2.49
$82.50,$0.02
$600.00,$2.50
$198.84,$320.04
$68.57,$103.89
$49.63,$31.71
$31.33,$23.74
$142.95,$330.74
$56.21,$85.17
$152.84,$299.68
$112.30,$224.59
$37.22,$30.26
$31.41,$32.38
$88.00,$200.01
$115.54,$230.18
$29.60,$20.66
$28.63,$20.62
$115.64,$258.63
$410.02,$10.79
$327.42,$9.63
$262.80,$8.76
$235.41,$33.63
$469.12,$58.64
$262.35,$52.47
$240.00,$30.00
$545.13,$60.57
$671.40,$22.38
$300.02,$42.86
$366.30,$40.70
$754.11,$13.23
$209.90,$20.99
$104.80,$20.96
$513.00,$19.00
$207.06,$14.79
$237.60,$29.70
$250.35,$16.69
$212.80,$6.65
$97.56,$32.52
$119.36,$7.46
$356.04,$7.74
$12.56,$6.28
$161.77,$12.89
$62.65,$2.24
$60.83,$28.56
$10.76,$0.99
$45.77,$37.52
$114.28,$10.67
$27.18,$5.82
$31.98,$14.47
$40.07,$21.09
$24.55,$9.86
$900.00,$900.00
$242.19,$242.19
$250.03,$2.50
$82.50,$0.02
$600.00,$2.50
$199.30,$320.79
$69.27,$104.95
$49.78,$31.81
$31.39,$23.78
$143.24,$331.41
$56.69,$85.90
$153.45,$300.89
$114.13,$228.25
$37.44,$30.44
$31.50,$32.47
$86.99,$197.71
$115.66,$230.42
$29.99,$20.93
$28.65,$20.64
$115.85,$259.10
$410.40,$10.80
$335.92,$9.88
$263.40,$8.78
$235.69,$33.67
$472.08,$59.01
$262.55,$52.51
$237.28,$29.66
$539.64,$59.96
$671.40,$22.38
$298.41,$42.63
$374.58,$41.62
$767.22,$13.46
$211.60,$21.16
$105.60,$21.12
$521.10,$19.30
$265.16,$18.94
$188.00,$23.50
$243.75,$16.25
$167.68,$5.24
$121.95,$40.65
$122.24,$7.64
$279.68,$6.08
$10.10,$5.05
$161.77,$12.89
$62.65,$2.24
$61.00,$28.64
$10.87,$1.00
$45.77,$37.52
$115.03,$10.74
$26.48,$5.67
$31.91,$14.44
$40.24,$21.18
$24.85,$9.98
$900.00,$900.00
$256.01,$256.01
$251.07,$2.51
$82.50,$0.02
$600.00,$2.50
$201.51,$324.34
$69.66,$105.55
$50.08,$32.00
$31.57,$23.92
$143.24,$331.41
$56.68,$85.88
$152.28,$298.59
$115.46,$230.91
$37.75,$30.69
$31.81,$32.79
$87.55,$198.97
$116.15,$231.39
$29.99,$20.93
$28.65,$20.64
$115.87,$259.13
$414.20,$10.90
$331.84,$9.76
$264.90,$8.83
$235.20,$33.60
$475.12,$59.39
$262.80,$52.56
$237.28,$29.66
$539.37,$59.93
$671.40,$22.38
$288.96,$41.28
$395.82,$43.98
$818.52,$14.36
$211.50,$21.15
$105.40,$21.08
$513.00,$19.00
$207.90,$14.85
$206.88,$25.86
$187.80,$12.52
$172.48,$5.39
$129.84,$43.28
$109.92,$6.87
$239.66,$5.21
$9.16,$4.58
$161.27,$12.85
$62.93,$2.25
$61.22,$28.74
$10.87,$1.00
$45.62,$37.39
$116.31,$10.86
$26.90,$5.76
$31.98,$14.47
$40.22,$21.17
$24.85,$9.98
$900.00,$900.00
$276.04,$276.04
$252.09,$2.52
$82.50,$0.02
$600.00,$2.50
$201.53,$324.38
$68.09,$103.17
$50.55,$32.30
$31.70,$24.02
$143.52,$332.05
$56.92,$86.24
$152.48,$298.98
$115.48,$230.96
$37.87,$30.79
$31.99,$32.98
$87.73,$199.38
$116.31,$231.70
$30.17,$21.06
$28.54,$20.56
$116.32,$260.15
$419.52,$11.04
$336.26,$9.89
$267.30,$8.91
$232.54,$33.22
$476.72,$59.59
$263.00,$52.60
$238.24,$29.78
$536.04,$59.56
$671.40,$22.38
$285.32,$40.76
$417.69,$46.41
$800.85,$14.05
$212.50,$21.25
$105.80,$21.16
$523.53,$19.39
$203.56,$14.54
$184.40,$23.05
$164.85,$10.99
$147.84,$4.62
$107.58,$35.86
$111.36,$6.96
$226.78,$4.93
$10.34,$5.17
$162.27,$12.93
$63.49,$2.27
$61.92,$29.07
$10.87,$1.00
$45.62,$37.39
$116.20,$10.85
$27.04,$5.79
$32.27,$14.60
$40.81,$21.48
$24.92,$10.01
$900.00,$900.00
$278.02,$278.02
$253.12,$2.53
$97.51,$0.02
$600.00,$2.50
$202.45,$325.86
$68.40,$103.64
$51.05,$32.62
$31.94,$24.20
$144.69,$334.76
$57.14,$86.57
$154.59,$303.11
$113.87,$227.74
$37.98,$30.88
$32.09,$33.08
$88.43,$200.97
$115.54,$230.17
$30.36,$21.19
$28.54,$20.56
$116.39,$260.31
$420.66,$11.07
$345.10,$10.15
$270.30,$9.01
$232.40,$33.20
$476.32,$59.54
$263.15,$52.63
$242.88,$30.36
$544.86,$60.54
$722.10,$24.07
$294.49,$42.07
$458.46,$50.94
$749.55,$13.15
$211.70,$21.17
$105.80,$21.16
$517.59,$19.17
$215.18,$15.37
$163.68,$20.46
$155.55,$10.37
$143.68,$4.49
$124.41,$41.47
$112.64,$7.04
$207.92,$4.52
$15.26,$7.63
$162.27,$12.93
$62.37,$2.23
$61.71,$28.97
$10.87,$1.00
$45.98,$37.69
$115.99,$10.83
$27.37,$5.86
$32.27,$14.60
$40.85,$21.50
$24.85,$9.98
$900.00,$900.00
$287.73,$287.73
$254.15,$2.54
$97.51,$0.02
$600.00,$2.50
$203.70,$327.86
$68.30,$103.48
$51.44,$32.87
$32.11,$24.33
$145.37,$336.35
$57.14,$86.57
$154.73,$303.40
$115.38,$230.76
$38.27,$31.11
$32.26,$33.26
$89.29,$202.93
$115.50,$230.10
$30.37,$21.20
$28.54,$20.56
$117.19,$262.10
$423.32,$11.14
$366.18,$10.77
$270.30,$9.01
$233.66,$33.38
$480.24,$60.03
$267.05,$53.41
$247.20,$30.90
$532.71,$59.19
$722.10,$24.07
$303.03,$43.29
$460.71,$51.19
$742.71,$13.03
$212.80,$21.28
$105.80,$21.16
$522.45,$19.35
$217.00,$15.50
$166.00,$20.75
$158.10,$10.54
$142.72,$4.46
$124.59,$41.53
$118.72,$7.42
$191.82,$4.17
$17.90,$8.95
$163.40,$13.02
$63.77,$2.28
$61.54,$28.89
$10.87,$1.00
$46.35,$37.99
$116.31,$10.86
$26.90,$5.76
$32.51,$14.71
$41.00,$21.58
$25.10,$10.08
$900.00,$900.00
$290.50,$290.50
$255.19,$2.55
$97.51,$0.02
$600.00,$2.50
$204.14,$328.58
$68.73,$104.14
$51.58,$32.96
$32.11,$24.33
$145.67,$337.04
$57.24,$86.73
$154.84,$303.60
$115.78,$231.55
$38.38,$31.20
$32.26,$33.26
$90.51,$205.70
$115.84,$230.77
$30.39,$21.21
$28.54,$20.56
$119.07,$266.29
$428.26,$11.27
$379.44,$11.16
$271.50,$9.05
$235.97,$33.71
$482.96,$60.37
$267.25,$53.45
$254.08,$31.76
$536.22,$59.58
$726.90,$24.23
$307.44,$43.92
$491.67,$54.63
$799.14,$14.02
$212.70,$21.27
$105.40,$21.08
$530.28,$19.64
$191.38,$13.67
$222.88,$27.86
$228.00,$15.20
$169.28,$5.29
$121.14,$40.38
$116.48,$7.28
$177.10,$3.85
$15.64,$7.82
$162.15,$12.92
$63.49,$2.27
$61.96,$29.09
$10.87,$1.00
$46.35,$37.99
$117.17,$10.94
$27.27,$5.84
$32.71,$14.80
$41.10,$21.63
$25.10,$10.08
$900.00,$900.00
$299.64,$299.64
$256.25,$2.56
$97.51,$0.02
$600.00,$2.50
$205.47,$330.72
$68.79,$104.22
$51.58,$32.96
$32.11,$24.33
$146.37,$338.65
$57.55,$87.19
$155.12,$304.16
$109.23,$218.46
$38.54,$31.33
$32.32,$33.32
$90.69,$206.12
$116.14,$231.37
$30.72,$21.44
$28.85,$20.78
$119.72,$267.74
$428.64,$11.28
$437.92,$12.88
$272.40,$9.08
$236.60,$33.80
$480.16,$60.02
$267.15,$53.43
$257.76,$32.22
$538.56,$59.84
$739.50,$24.65
$309.54,$44.22
$493.29,$54.81
$756.96,$13.28
$212.60,$21.26
$105.55,$21.11
$530.01,$19.63
$175.98,$12.57
$201.12,$25.14
$259.20,$17.28
$184.32,$5.76
$92.40,$30.80
$117.92,$7.37
$163.30,$3.55
$12.50,$6.25
$162.52,$12.95
$63.49,$2.27
$61.66,$28.95
$10.87,$1.00
$46.35,$37.99
$117.27,$10.95
$27.46,$5.88
$32.86,$14.87
$41.21,$21.69
$24.68,$9.91
$900.00,$900.00
$324.56,$324.56
$257.27,$2.57
$97.51,$0.02
$600.00,$2.50
$204.58,$329.28
$68.76,$104.18
$51.58,$32.96
$32.09,$24.31
$146.37,$338.65
$57.64,$87.34
$155.14,$304.20
$109.91,$219.82
$38.54,$31.33
$32.33,$33.33
$90.69,$206.12
$116.32,$231.73
$30.73,$21.45
$28.86,$20.79
$119.82,$267.98
$434.34,$11.43
$486.20,$14.30
$276.30,$9.21
$236.95,$33.85
$485.52,$60.69
$271.95,$54.39
$257.68,$32.21
$556.83,$61.87
$739.50,$24.65
$312.90,$44.70
$476.28,$52.92
$747.84,$13.12
$212.40,$21.24
$106.20,$21.24
$530.55,$19.65
$151.62,$10.83
$178.00,$22.25
$221.70,$14.78
$177.60,$5.55
$79.62,$26.54
$120.00,$7.50
$163.76,$3.56
$10.72,$5.36
$164.28,$13.09
$64.05,$2.29
$61.77,$29.00
$10.98,$1.01
$46.67,$38.25
$117.70,$10.99
$27.46,$5.88
$32.88,$14.88
$41.31,$21.74
$24.85,$9.98
$900.00,$900.00
$304.92,$304.92
$258.28,$2.58
$97.51,$0.02
$600.00,$2.50
$204.21,$328.68
$68.76,$104.18
$51.43,$32.86
$32.35,$24.51
$146.45,$338.84
$57.87,$87.68
$156.37,$306.60
$110.13,$220.25
$38.63,$31.41
$32.44,$33.44
$90.69,$206.12
$115.54,$230.17
$30.72,$21.44
$28.88,$20.80
$120.12,$268.65
$440.04,$11.58
$574.94,$16.91
$278.40,$9.28
$238.77,$34.11
$488.48,$61.06
$274.80,$54.96
$258.24,$32.28
$566.37,$62.93
$739.50,$24.65
$308.63,$44.09
$527.40,$58.60
$775.20,$13.60
$212.40,$21.24
$106.70,$21.34
$522.45,$19.35
$119.56,$8.54
$188.24,$23.53
$206.25,$13.75
$193.60,$6.05
$77.67,$25.89
$117.92,$7.37
$174.80,$3.80
$9.66,$4.83
$164.03,$13.07
$64.05,$2.29
$61.90,$29.06
$10.98,$1.01
$47.25,$38.73
$117.17,$10.94
$27.93,$5.98
$32.97,$14.92
$41.31,$21.74
$24.90,$10.00
$900.00,$900.00
$276.18,$276.18
$259.34,$2.59
$97.51,$0.02
$600.00,$2.50
$204.16,$328.61
$68.73,$104.13
$51.43,$32.86
$32.35,$24.51
$146.45,$338.84
$58.44,$88.54
$156.60,$307.05
$110.60,$221.20
$38.76,$31.51
$32.59,$33.60
$90.69,$206.12
$114.48,$228.06
$30.72,$21.44
$28.78,$20.73
$120.39,$269.24
$446.88,$11.76
$715.70,$21.05
$278.40,$9.28
$237.23,$33.89
$494.64,$61.83
$276.95,$55.39
$259.44,$32.43
$571.14,$63.46
$739.50,$24.65
$306.04,$43.72
$550.53,$61.17
$762.66,$13.38
$213.30,$21.33
$109.70,$21.94
$518.40,$19.20
$157.78,$11.27
$196.24,$24.53
$183.90,$12.26
$234.56,$7.33
$80.10,$26.70
$119.68,$7.48
$232.76,$5.06
$8.94,$4.47
$163.15,$13.00
$64.61,$2.31
$61.83,$29.03
$10.98,$1.01
$47.25,$38.73
$118.24,$11.04
$27.74,$5.94
$32.88,$14.88
$41.21,$21.69
$24.90,$10.00
$900.00,$900.00
$277.74,$277.74
$260.39,$2.60
$97.51,$0.02
$600.00,$2.50
$204.83,$329.68
$68.91,$104.41
$51.43,$32.86
$32.64,$24.73
$147.42,$341.09
$58.65,$88.87
$157.39,$308.61
$111.26,$222.52
$38.76,$31.51
$32.96,$33.98
$90.69,$206.12
$115.07,$229.24
$30.79,$21.49
$28.78,$20.73
$121.37,$271.43
$449.92,$11.84
$783.36,$23.04
$281.10,$9.37
$236.88,$33.84
$502.48,$62.81
$284.50,$56.90
$258.88,$32.36
$569.16,$63.24
$739.50,$24.65
$313.60,$44.80
$458.10,$50.90
$786.03,$13.79
$214.90,$21.49
$109.60,$21.92
$541.62,$20.06
$264.88,$18.92
$207.52,$25.94
$264.75,$17.65
$301.12,$9.41
$117.93,$39.31
$118.88,$7.43
$402.96,$8.76
$12.82,$6.41
$163.40,$13.02
$64.89,$2.32
$62.17,$29.19
$10.98,$1.01
$47.02,$38.54
$118.56,$11.07
$27.88,$5.97
$32.86,$14.87
$41.21,$21.69
$25.12,$10.09
$900.00,$900.00
$274.43,$274.43
$261.46,$2.61
$97.51,$0.02
$600.00,$2.50
$208.06,$334.88
$69.55,$105.38
$51.88,$33.15
$32.64,$24.73
$148.94,$344.60
$59.51,$90.16
$158.16,$310.11
$119.57,$239.13
$38.07,$30.95
$33.35,$34.38
$91.23,$207.33
$116.68,$232.44
$31.05,$21.67
$28.90,$20.82
$123.62,$276.48
$456.00,$12.00
$827.22,$24.33
$284.10,$9.47
$234.43,$33.49
$514.00,$64.25
$294.60,$58.92
$262.40,$32.80
$570.69,$63.41
$739.50,$24.65
$315.56,$45.08
$398.61,$44.29
$763.80,$13.40
$216.70,$21.67
$110.10,$22.02
$533.52,$19.76
$255.36,$18.24
$254.00,$31.75
$263.40,$17.56
$344.64,$10.77
$131.82,$43.94
$128.16,$8.01
$488.06,$10.61
$14.36,$7.18
$164.15,$13.08
$65.17,$2.33
$62.62,$29.40
$10.98,$1.01
$47.02,$38.54
$119.95,$11.20
$27.74,$5.94
$33.13,$14.99
$41.23,$21.70
$25.12,$10.09
$900.00,$900.00
$276.80,$276.80
$262.53,$2.63
$97.51,$0.02
$600.00,$2.50
$209.70,$337.52
$64.57,$97.84
$51.99,$33.22
$33.19,$25.15
$150.09,$347.26
$59.61,$90.32
$159.95,$313.63
$114.69,$229.38
$38.08,$30.96
$32.82,$33.84
$91.23,$207.33
$117.37,$233.83
$31.12,$21.72
$28.90,$20.82
$122.55,$274.07
$460.94,$12.13
$943.50,$27.75
$286.50,$9.55
$235.69,$33.67
$521.68,$65.21
$297.55,$59.51
$264.08,$33.01
$573.93,$63.77
$739.50,$24.65
$313.32,$44.76
$402.21,$44.69
$805.41,$14.13
$216.70,$21.67
$109.80,$21.96
$540.00,$20.00
$253.96,$18.14
$216.32,$27.04
$245.25,$16.35
$424.32,$13.26
$121.11,$40.37
$133.92,$8.37
$355.58,$7.73
$12.06,$6.03
$165.53,$13.19
$65.45,$2.34
$62.26,$29.23
$10.98,$1.01
$47.25,$38.73
$120.27,$11.23
$27.74,$5.94
$33.00,$14.93
$41.29,$21.73
$24.73,$9.93
$900.00,$900.00
$276.90,$276.90
$263.62,$2.64
$97.51,$0.02
$600.00,$2.50
$210.69,$339.12
$64.81,$98.20
$51.77,$33.08
$33.19,$25.15
$153.56,$355.29
$60.07,$91.01
$161.44,$316.55
$114.34,$228.68
$38.41,$31.23
$32.82,$33.84
$93.04,$211.46
$119.40,$237.87
$31.22,$21.79
$28.79,$20.74
$125.14,$279.88
$466.26,$12.27
$903.72,$26.58
$289.20,$9.64
$236.32,$33.76
$525.76,$65.72
$302.30,$60.46
$264.24,$33.03
$569.97,$63.33
$739.50,$24.65
$311.85,$44.55
$458.37,$50.93
$770.07,$13.51
$218.40,$21.84
$110.30,$22.06
$530.55,$19.65
$202.72,$14.48
$182.64,$22.83
$231.15,$15.41
$296.32,$9.26
$101.28,$33.76
$153.12,$9.57
$283.82,$6.17
$11.68,$5.84
$164.28,$13.09
$66.01,$2.36
$62.26,$29.23
$9.67,$0.89
$47.47,$38.91
$120.49,$11.25
$27.88,$5.97
$33.06,$14.96
$41.29,$21.73
$24.90,$10.00
$900.00,$900.00
$275.93,$275.93
$265.21,$2.65
$97.51,$0.02
$600.00,$2.50
$212.87,$342.63
$64.96,$98.43
$51.77,$33.08
$32.94,$24.96
$153.56,$355.29
$60.52,$91.69
$162.22,$318.07
$114.29,$228.58
$38.55,$31.34
$32.82,$33.84
$93.09,$211.56
$120.10,$239.25
$31.62,$22.07
$28.81,$20.75
$126.78,$283.54
$467.40,$12.30
$939.76,$27.64
$290.10,$9.67
$235.90,$33.70
$531.20,$66.40
$305.05,$61.01
$266.08,$33.26
$569.97,$63.33
$739.50,$24.65
$312.34,$44.62
$485.55,$53.95
$739.29,$12.97
$219.00,$21.90
$110.90,$22.18
$544.05,$20.15
$184.80,$13.20
$163.68,$20.46
$211.80,$14.12
$191.36,$5.98
$94.41,$31.47
$162.24,$10.14
$236.44,$5.14
$11.12,$5.56
$164.03,$13.07
$66.01,$2.36
$62.24,$29.22
$9.67,$0.89
$47.47,$38.91
$120.49,$11.25
$27.83,$5.96
$33.35,$15.09
$41.34,$21.76
$24.97,$10.03
$900.00,$900.00
$279.36,$279.36
$266.31,$2.66
$102.12,$0.02
$600.00,$2.50
$213.09,$342.98
$65.01,$98.50
$52.02,$33.24
$32.94,$24.96
$152.58,$353.02
$60.50,$91.67
$163.80,$321.17
$116.53,$233.05
$39.14,$31.82
$33.04,$34.06
$93.09,$211.56
$121.36,$241.78
$31.78,$22.18
$29.49,$21.24
$127.18,$284.43
$466.64,$12.28
$921.74,$27.11
$292.20,$9.74
$236.53,$33.79
$548.56,$68.57
$312.55,$62.51
$267.76,$33.47
$575.46,$63.94
$776.40,$25.88
$320.95,$45.85
$533.43,$59.27
$740.43,$12.99
$220.70,$22.07
$112.40,$22.48
$571.32,$21.16
$289.38,$20.67
$189.84,$23.73
$223.20,$14.88
$159.04,$4.97
$142.41,$47.47
$180.80,$11.30
$233.22,$5.07
$12.24,$6.12
$164.03,$13.07
$66.01,$2.36
$62.15,$29.18
$9.67,$0.89
$47.21,$38.70
$120.17,$11.22
$27.83,$5.96
$33.42,$15.12
$41.15,$21.66
$25.27,$10.15
$900.00,$900.00
$261.67,$261.67
$267.38,$2.67
$102.12,$0.02
$600.00,$2.50
$213.84,$344.18
$65.02,$98.51
$52.26,$33.39
$32.94,$24.96
$152.58,$353.02
$60.26,$91.31
$164.14,$321.85
$116.65,$233.29
$39.45,$32.07
$33.16,$34.19
$93.09,$211.56
$121.85,$242.75
$31.66,$22.10
$29.21,$21.04
$126.63,$283.21
$467.40,$12.30
$745.62,$21.93
$292.50,$9.75
$236.25,$33.75
$564.48,$70.56
$318.65,$63.73
$275.44,$34.43
$577.35,$64.15
$776.40,$25.88
$328.44,$46.92
$529.47,$58.83
$750.12,$13.16
$221.80,$22.18
$113.10,$22.62
$552.96,$20.48
$266.28,$19.02
$189.52,$23.69
$259.50,$17.30
$178.56,$5.58
$130.56,$43.52
$173.92,$10.87
$254.38,$5.53
$13.96,$6.98
$162.65,$12.96
$66.01,$2.36
$62.20,$29.20
$9.67,$0.89
$47.21,$38.70
$118.77,$11.09
$28.07,$6.01
$33.57,$15.19
$41.15,$21.66
$25.27,$10.15
$900.00,$900.00
$232.65,$232.65
$268.49,$2.68
$102.12,$0.02
$600.00,$2.50
$214.16,$344.71
$65.14,$98.69
$52.74,$33.70
$32.94,$24.96
$153.83,$355.91
$60.44,$91.57
$165.74,$324.99
$116.77,$233.54
$39.73,$32.30
$33.25,$34.28
$93.09,$211.56
$123.59,$246.22
$31.75,$22.16
$29.33,$21.13
$126.64,$283.23
$466.64,$12.28
$709.92,$20.88
$293.10,$9.77
$234.99,$33.57
$587.44,$73.43
$335.10,$67.02
$274.96,$34.37
$584.19,$64.91
$776.40,$25.88
$329.77,$47.11
$554.76,$61.64
$755.82,$13.26
$224.30,$22.43
$113.10,$22.62
$555.93,$20.59
$204.26,$14.59
$178.24,$22.28
$277.05,$18.47
$248.32,$7.76
$117.51,$39.17
$160.16,$10.01
$244.72,$5.32
$16.00,$8.00
$163.28,$13.01
$66.01,$2.36
$62.69,$29.43
$9.89,$0.91
$47.21,$38.70
$118.02,$11.02
$28.16,$6.03
$33.61,$15.21
$41.65,$21.92
$25.42,$10.21
$900.00,$900.00
$204.32,$204.32
$269.61,$2.70
$109.80,$0.02
$600.00,$2.50
$215.60,$347.02
$65.93,$99.89
$52.99,$33.86
$33.01,$25.01
$153.83,$355.91
$61.42,$93.06
$167.71,$328.85
$117.76,$235.52
$39.72,$32.29
$33.64,$34.68
$93.61,$212.74
$123.80,$246.63
$31.48,$21.97
$29.51,$21.26
$125.13,$279.84
$466.64,$12.28
$682.04,$20.06
$291.90,$9.73
$232.82,$33.26
$595.44,$74.43
$342.40,$68.48
$275.92,$34.49
$585.81,$65.09
$779.10,$25.97
$339.85,$48.55
$554.04,$61.56
$770.64,$13.52
$227.80,$22.78
$112.30,$22.46
$543.51,$20.13
$196.98,$14.07
$160.16,$20.02
$261.75,$17.45
$241.28,$7.54
$104.79,$34.93
$157.60,$9.85
$207.00,$4.50
$13.64,$6.82
$166.92,$13.30
$67.41,$2.41
$62.11,$29.16
$9.89,$0.91
$47.21,$38.70
$117.81,$11.00
$28.25,$6.05
$33.79,$15.29
$41.82,$22.01
$25.42,$10.21
$900.00,$900.00
$209.10,$209.10
$270.61,$2.71
$109.80,$0.02
$600.00,$2.50
$218.30,$351.37
$66.32,$100.49
$53.32,$34.07
$33.17,$25.13
$154.04,$356.39
$61.83,$93.68
$167.65,$328.72
$117.79,$235.58
$39.90,$32.44
$33.71,$34.75
$94.06,$213.78
$122.13,$243.30
$31.89,$22.26
$29.63,$21.34
$127.40,$284.92
$465.88,$12.26
$638.18,$18.77
$291.90,$9.73
$232.40,$33.20
$612.08,$76.51
$348.35,$69.67
$282.32,$35.29
$604.26,$67.14
$779.10,$25.97
$343.42,$49.06
$556.83,$61.87
$774.63,$13.59
$229.90,$22.99
$112.60,$22.52
$540.54,$20.02
$154.56,$11.04
$137.20,$17.15
$235.95,$15.73
$228.48,$7.14
$97.02,$32.34
$158.56,$9.91
$235.06,$5.11
$11.70,$5.85
$167.29,$13.33
$67.69,$2.42
$62.24,$29.22
$9.89,$0.91
$47.45,$38.89
$120.17,$11.22
$28.11,$6.02
$34.23,$15.49
$41.82,$22.01
$25.42,$10.21
$900.00,$900.00
$213.88,$213.88
$271.74,$2.72
$109.80,$0.02
$600.00,$2.50
$219.45,$353.21
$67.15,$101.74
$53.43,$34.14
$33.34,$25.26
$154.04,$356.39
$62.11,$94.11
$167.64,$328.70
$118.41,$236.82
$40.13,$32.63
$34.19,$35.25
$94.06,$213.78
$122.84,$244.72
$31.89,$22.26
$30.21,$21.76
$127.41,$284.95
$466.26,$12.27
$601.80,$17.70
$291.60,$9.72
$230.58,$32.94
$629.52,$78.69
$349.65,$69.93
$284.80,$35.60
$621.09,$69.01
$779.10,$25.97
$345.38,$49.34
$546.30,$60.70
$714.78,$12.54
$230.90,$23.09
$112.60,$22.52
$534.60,$19.80
$189.56,$13.54
$160.48,$20.06
$207.45,$13.83
$228.48,$7.14
$107.70,$35.90
$155.04,$9.69
$290.72,$6.32
$10.72,$5.36
$166.66,$13.28
$67.69,$2.42
$62.84,$29.50
$9.89,$0.91
$47.45,$38.89
$121.13,$11.31
$28.16,$6.03
$34.32,$15.53
$41.90,$22.05
$25.60,$10.28
$900.00,$900.00
$212.95,$212.95
$248.87,$2.49
$109.80,$0.02
$600.00,$2.50
$219.58,$353.42
$67.16,$101.75
$53.59,$34.24
$33.35,$25.27
$154.84,$358.25
$62.43,$94.59
$168.15,$329.70
$119.00,$238.00
$40.18,$32.67
$34.31,$35.37
$94.33,$214.38
$123.21,$245.45
$32.01,$22.34
$30.21,$21.76
$127.58,$285.32
$467.40,$12.30
$634.44,$18.66
$291.60,$9.72
$229.11,$32.73
$654.40,$81.80
$352.10,$70.42
$285.36,$35.67
$636.21,$70.69
$779.10,$25.97
$344.89,$49.27
$497.43,$55.27
$731.31,$12.83
$230.90,$23.09
$112.10,$22.42
$525.69,$19.47
$192.22,$13.73
$182.80,$22.85
$185.55,$12.37
$248.64,$7.77
$114.57,$38.19
$145.76,$9.11
$344.54,$7.49
$10.10,$5.05
$165.79,$13.21
$68.25,$2.44
$63.20,$29.67
$9.89,$0.91
$47.45,$38.89
$121.45,$11.34
$28.30,$6.06
$34.28,$15.51
$41.93,$22.07
$26.00,$10.44
$900.00,$900.00
$213.06,$213.06
$249.90,$2.50
$109.80,$0.02
$600.00,$2.50
$220.20,$354.42
$67.29,$101.96
$53.73,$34.33
$33.35,$25.27
$156.00,$360.93
$62.75,$95.07
$168.66,$330.70
$119.52,$239.03
$40.32,$32.78
$34.44,$35.50
$94.63,$215.07
$123.26,$245.55
$32.01,$22.34
$30.11,$21.69
$128.21,$286.74
$468.16,$12.32
$643.28,$18.92
$292.20,$9.74
$227.85,$32.55
$678.64,$84.83
$356.25,$71.25
$285.20,$35.65
$635.40,$70.60
$779.10,$25.97
$343.35,$49.05
$435.33,$48.37
$734.73,$12.89
$233.50,$23.35
$113.10,$22.62
$539.73,$19.99
$160.86,$11.49
$208.32,$26.04
$210.75,$14.05
$284.16,$8.88
$117.21,$39.07
$153.12,$9.57
$331.66,$7.21
$11.36,$5.68
$165.28,$13.17
$68.25,$2.44
$62.92,$29.54
$9.89,$0.91
$47.45,$38.89
$120.59,$11.26
$28.25,$6.05
$33.77,$15.28
$42.29,$22.26
$25.82,$10.37
$900.00,$900.00
$198.92,$198.92
$250.90,$2.51
$109.80,$0.02
$600.00,$2.50
$221.04,$355.78
$67.30,$101.97
$53.73,$34.33
$33.35,$25.27
$156.00,$360.93
$62.74,$95.06
$170.25,$333.83
$119.22,$238.43
$40.55,$32.97
$34.79,$35.87
$96.37,$219.03
$123.89,$246.81
$32.01,$22.34
$30.42,$21.91
$128.68,$287.78
$467.40,$12.30
$666.74,$19.61
$292.20,$9.74
$227.78,$32.54
$691.44,$86.43
$356.45,$71.29
$284.88,$35.61
$631.62,$70.18
$779.10,$25.97
$339.08,$48.44
$366.84,$40.76
$751.83,$13.19
$234.00,$23.40
$114.20,$22.84
$578.61,$21.43
$132.02,$9.43
$227.52,$28.44
$216.75,$14.45
$321.60,$10.05
$103.59,$34.53
$148.80,$9.30
$359.72,$7.82
$10.12,$5.06
$166.54,$13.27
$68.25,$2.44
$63.03,$29.59
$10.00,$0.92
$47.45,$38.89
$119.42,$11.15
$27.97,$5.99
$33.79,$15.29
$42.29,$22.26
$26.00,$10.44
$900.00,$900.00
$190.94,$190.94
$251.95,$2.52
$109.80,$0.02
$600.00,$2.50
$222.76,$358.55
$67.31,$101.98
$53.73,$34.33
$33.17,$25.13
$156.82,$362.84
$62.79,$95.13
$170.98,$335.26
$119.25,$238.49
$40.55,$32.97
$34.79,$35.87
$96.54,$219.41
$123.94,$246.90
$32.01,$22.34
$30.42,$21.91
$128.26,$286.86
$467.02,$12.29
$661.30,$19.45
$290.70,$9.69
$226.45,$32.35
$710.24,$88.78
$356.30,$71.26
$285.20,$35.65
$646.92,$71.88
$758.40,$25.28
$334.32,$47.76
$364.95,$40.55
$820.80,$14.40
$236.20,$23.62
$114.20,$22.84
$552.96,$20.48
$119.28,$8.52
$262.56,$32.82
$217.95,$14.53
$286.08,$8.94
$96.48,$32.16
$157.12,$9.82
$297.62,$6.47
$9.82,$4.91
$166.04,$13.23
$68.53,$2.45
$63.01,$29.58
$10.00,$0.92
$47.45,$38.89
$119.42,$11.15
$28.30,$6.06
$33.61,$15.21
$42.69,$22.47
$26.00,$10.44
$900.00,$900.00
$195.10,$195.10
$252.99,$2.53
$109.80,$0.02
$600.00,$2.50
$224.10,$360.70
$67.31,$101.99
$54.18,$34.62
$33.30,$25.23
$156.82,$362.84
$63.04,$95.52
$173.30,$339.81
$120.38,$240.75
$40.65,$33.05
$34.92,$36.00
$97.11,$220.70
$126.22,$251.45
$32.06,$22.38
$30.42,$21.91
$130.83,$292.60
$465.88,$12.26
$643.62,$18.93
$291.90,$9.73
$222.81,$31.83
$708.88,$88.61
$357.35,$71.47
$284.16,$35.52
$645.48,$71.72
$779.10,$25.97
$319.34,$45.62
$419.58,$46.62
$809.40,$14.20
$236.50,$23.65
$114.40,$22.88
$539.46,$19.98
$125.30,$8.95
$246.56,$30.82
$186.60,$12.44
$296.64,$9.27
$77.58,$25.86
$150.72,$9.42
$235.06,$5.11
$10.00,$5.00
$165.91,$13.22
$68.53,$2.45
$63.11,$29.63
$10.00,$0.92
$47.45,$38.89
$119.63,$11.17
$28.35,$6.07
$33.95,$15.36
$42.75,$22.50
$26.00,$10.44
$900.00,$900.00
$196.54,$196.54
$254.01,$2.54
$109.80,$0.02
$600.00,$2.50
$225.70,$363.28
$67.32,$102.00
$54.32,$34.71
$33.30,$25.23
$156.82,$362.84
$63.05,$95.53
$174.23,$341.63
$120.43,$240.86
$40.85,$33.21
$35.10,$36.19
$97.11,$220.70
$126.56,$252.13
$32.21,$22.48
$30.43,$21.92
$133.46,$298.47
$459.04,$12.08
$603.50,$17.75
$295.80,$9.86
$220.99,$31.57
$686.96,$85.87
$358.55,$71.71
$283.28,$35.41
$645.21,$71.69
$779.10,$25.97
$321.37,$45.91
$465.84,$51.76
$887.49,$15.57
$236.40,$23.64
$116.00,$23.20
$530.55,$19.65
$139.30,$9.95
$300.24,$37.53
$184.35,$12.29
$267.20,$8.35
$74.07,$24.69
$155.84,$9.74
$256.68,$5.58
$11.16,$5.58
$166.04,$13.23
$68.53,$2.45
$62.47,$29.33
$10.00,$0.92
$47.45,$38.89
$120.59,$11.26
$28.35,$6.07
$34.26,$15.50
$42.75,$22.50
$26.22,$10.53
$900.00,$900.00
$205.86,$205.86
$255.06,$2.55
$109.80,$0.02
$600.00,$2.50
$225.49,$362.94
$67.33,$102.01
$54.48,$34.81
$32.72,$24.79
$157.52,$364.46
$62.79,$95.13
$174.33,$341.83
$121.25,$242.50
$40.65,$33.05
$35.05,$36.13
$96.76,$219.92
$126.35,$251.71
$32.16,$22.45
$30.43,$21.92
$130.86,$292.66
$460.56,$12.12
$568.48,$16.72
$294.60,$9.82
$218.96,$31.28
$689.52,$86.19
$356.15,$71.23
$283.68,$35.46
$642.15,$71.35
$779.10,$25.97
$336.21,$48.03
$467.82,$51.98
$915.99,$16.07
$242.90,$24.29
$117.50,$23.50
$524.34,$19.42
$182.00,$13.00
$280.96,$35.12
$209.70,$13.98
$185.60,$5.80
$82.92,$27.64
$160.96,$10.06
$272.32,$5.92
$11.36,$5.68
$164.28,$13.09
$68.25,$2.44
$61.62,$28.93
$10.22,$0.94
